ID seznama predvajanja,ID kanala,Čas ustvarjanja,Čas posodobitve,Naslov,Opis,Vidnost
LL-0Lsz9qOHqA2cpPAdTG1Fw,UC-0Lsz9qOHqA2cpPAdTG1Fw,2014-06-24 21:43:11 UTC,2021-12-03 02:29:59 UTC,Liked videos,,Zasebno

ID videoposnetka,Čas dodajanja
_f0GXNp38ko,2021-12-03 02:29:59 UTC
0e3GPea1Tyg,2021-11-28 14:31:02 UTC
vv6umXQHzKs,2021-11-22 23:44:45 UTC
2pFwAQkE7mA,2021-11-21 22:28:27 UTC
_QSak6vTF0M,2021-11-16 12:36:27 UTC
8-JW8fz0W9Y,2021-11-14 22:29:08 UTC
fe4Yf-0Wm4U,2021-11-03 15:29:02 UTC
ijI3dxVqBVo,2021-11-02 23:25:24 UTC
0nJQ1J65DSI,2021-11-02 21:57:07 UTC
qUPisL97sLs,2021-11-01 01:42:36 UTC
d0drQW1fFqA,2021-10-28 23:07:58 UTC
jjmqs5ChYdI,2021-10-28 23:07:56 UTC
38N80Qna0Zg,2021-10-28 23:07:41 UTC
TNffK9PSS3o,2021-10-28 23:07:39 UTC
MbqSMgMAzxU,2021-10-28 17:07:50 UTC
5ZB4_-NPojk,2021-10-26 22:37:51 UTC
uAIa-JMriag,2021-10-26 21:20:59 UTC
Xt1q9Vm9UKk,2021-10-26 16:02:10 UTC
AZCewwo78j0,2021-10-26 05:44:12 UTC
c6hwZWYV0qQ,2021-10-25 22:08:53 UTC
4uitp3WtoWk,2021-10-21 20:27:20 UTC
Oseqh7SMIvo,2021-10-21 20:07:10 UTC
cLUjWtY28-4,2021-10-20 14:04:49 UTC
qvm2iof4YPg,2021-10-19 19:49:46 UTC
01KY3LGXdhA,2021-10-19 11:55:04 UTC
4Wisnqy6JBE,2021-10-18 22:38:28 UTC
V8yiLF7hxEs,2021-10-18 22:36:33 UTC
MTusTXGKgpw,2021-10-18 20:13:29 UTC
KCVjsbmVi0E,2021-10-12 11:52:26 UTC
cglj9PL_qc0,2021-10-07 19:36:09 UTC
63eWMJt0sF0,2021-10-05 21:08:21 UTC
FGOwgROxogQ,2021-10-05 21:06:35 UTC
zmYtTzDLrXg,2021-10-02 08:49:43 UTC
8OPpzdYeCag,2021-09-30 21:10:04 UTC
ckZFAJ2CXxA,2021-09-29 21:08:58 UTC
AEyNVHbk9BI,2021-09-17 12:29:24 UTC
rRSXaplSEy4,2021-09-16 12:49:51 UTC
lKt18K_Sy0I,2021-09-16 12:09:15 UTC
44pys7Zhiz4,2021-09-15 19:01:28 UTC
K22_5LBuB9Y,2021-09-15 18:22:34 UTC
dkvYDgL_Xn0,2021-09-15 18:15:13 UTC
sitj0GGbnhY,2021-09-08 22:06:01 UTC
rpzlUZ33k_w,2021-09-08 16:56:37 UTC
BBAtAM7vtgc,2021-09-06 15:00:36 UTC
 -vAI7RSPxOA,2021-09-05 17:32:50 UTC
srTgCwnarIE,2021-09-04 20:16:11 UTC
saqqO_uWxk4,2021-09-02 14:05:05 UTC
96M7ANMh9Po,2021-08-29 16:41:15 UTC
d_aqe4grayY,2021-08-29 10:05:27 UTC
tQ2WKN6tnyM,2021-08-28 22:52:50 UTC
9MfQyBx_uZY,2021-08-28 21:03:52 UTC
LjxulQ1bEWg,2021-08-28 20:40:27 UTC
TUSN7SuzMYM,2021-08-21 12:30:30 UTC
gBBB3nyakRA,2021-08-18 09:26:42 UTC
A7wDe9rF7Xs,2021-08-17 11:31:48 UTC
FxZXCxixEOI,2021-08-16 23:37:20 UTC
AJcDqagy9HQ,2021-08-16 23:03:09 UTC
wYStBmODcyQ,2021-08-16 07:14:39 UTC
wOY8tu2B8sE,2021-08-16 05:16:31 UTC
2-cQ_Wtv0sQ,2021-08-15 08:06:42 UTC
1v6LjGsFM8s,2021-08-14 11:26:57 UTC
LFxILS_CeRI,2021-08-13 00:23:27 UTC
cuHDQhDhvPE,2021-08-12 23:44:18 UTC
PJfSFzP6oUY,2021-08-10 22:35:08 UTC
mitaE_OWTY8,2021-08-09 07:18:42 UTC
hPrklRwn1HE,2021-08-04 18:15:39 UTC
4ZK8Z8hulFg,2021-07-30 20:39:57 UTC
 -u9QyRzG1xM,2021-07-30 19:45:24 UTC
DKMoIWhwJDk,2021-07-30 17:53:54 UTC
KYKOLwt8pwo,2021-07-30 09:14:39 UTC
FQxumrikQ-s,2021-07-28 20:05:54 UTC
3wEzuh8uG9M,2021-07-28 19:18:36 UTC
 -KMbCM2osNg,2021-07-25 20:57:16 UTC
RG_rvuXQYYU,2021-07-23 21:14:57 UTC
8LGTvsydt8w,2021-07-20 08:04:57 UTC
ZSBWnNNl2XE,2021-07-14 21:38:13 UTC
J8Eb_6VVCC0,2021-07-13 19:51:43 UTC
jEBbir29GLQ,2021-07-11 10:40:22 UTC
wf-iAleeZe8,2021-07-10 23:56:11 UTC
pvRC0q1bmDw,2021-07-10 23:55:42 UTC
bpybzt7SQP4,2021-07-10 14:23:28 UTC
jjyDfLPKmNk,2021-07-10 13:28:49 UTC
MpuIKVn5rsU,2021-07-06 16:48:14 UTC
wEBlaMOmKV4,2021-07-05 17:00:12 UTC
gbRFb3myva4,2021-07-03 02:20:54 UTC
ZkBwSFQBJM8,2021-06-30 22:40:18 UTC
5oFMiTv4JAM,2021-06-29 21:05:50 UTC
xOvORG2l0Uk,2021-06-29 19:57:06 UTC
r89dT4xrv8c,2021-06-29 14:35:34 UTC
FRAaiNC1lQg,2021-06-29 08:00:58 UTC
JCuoexpa7wg,2021-06-27 13:33:49 UTC
yA_iTpE-iKU,2021-06-26 09:18:50 UTC
VaSstf9VJGQ,2021-06-26 04:37:10 UTC
CRHyBwNtkLA,2021-06-25 12:39:28 UTC
TE4eplsFSms,2021-06-24 12:07:55 UTC
84XxPN6akDw,2021-06-23 20:03:08 UTC
M57Fi19vcSI,2021-06-23 19:16:07 UTC
ONI8qsChR60,2021-06-21 20:31:32 UTC
NiTqqsyWwvg,2021-06-20 13:38:52 UTC
p0fzRtCWgcE,2021-06-20 09:14:35 UTC
Y2u6GZuqGQk,2021-06-20 08:17:23 UTC
NckVIJQKkBE,2021-06-20 06:48:39 UTC
olZEDkWtwjU,2021-06-19 17:16:35 UTC
dFCbJmgeHmA,2021-06-15 20:44:20 UTC
jx-tsU3r4kA,2021-06-13 12:56:31 UTC
1iRmaUhqkAU,2021-06-12 01:23:37 UTC
spgXMCqUn2Q,2021-06-11 23:33:17 UTC
d3x77KQW2Oo,2021-06-10 20:32:26 UTC
elhZ4a3W0Kc,2021-06-09 20:13:33 UTC
z15tszPWNv8,2021-06-08 13:52:24 UTC
k1BneeJTDcU,2021-06-08 06:46:00 UTC
ewe0zqEvm6M,2021-06-06 18:08:27 UTC
UHVPqR5s4bI,2021-06-02 21:50:06 UTC
716uFdhSVk4,2021-05-29 07:52:41 UTC
Pfu08ULFK88,2021-05-29 00:16:11 UTC
JMWNYfPIF2U,2021-05-25 23:18:45 UTC
T1g0Tc0wzaU,2021-05-25 21:27:51 UTC
9zJEZEzLZwU,2021-05-25 20:56:10 UTC
oNLwN-cWh1U,2021-05-24 20:03:26 UTC
EHmEKPfgTDQ,2021-05-22 22:08:44 UTC
wqCjfBaoskI,2021-05-22 21:47:51 UTC
WMFysxF3TFg,2021-05-22 21:01:41 UTC
WfUVi0rfhDE,2021-05-22 20:57:24 UTC
R3qJh0l9SCg,2021-05-20 18:18:31 UTC
CHzbvd7k_Ac,2021-05-12 21:31:41 UTC
ikneKQAeUp0,2021-05-11 22:07:55 UTC
hA4yfpXeq8k,2021-05-08 22:59:59 UTC
RTbrXiIzUt4,2021-05-08 09:34:22 UTC
Sh2Pjr89rF0,2021-05-02 20:53:34 UTC
06UYxa6yntE,2021-05-02 19:01:13 UTC
PstDYIVUdNE,2021-05-01 03:02:04 UTC
8C9bKcoYVds,2021-04-30 15:31:39 UTC
MhRXOOc_p-0,2021-04-30 06:57:07 UTC
8-S2ARXzf0k,2021-04-27 20:22:32 UTC
hxfGQ2AJHGk,2021-04-27 18:24:50 UTC
epH4QvLUXlY,2021-04-25 21:30:05 UTC
yM_tFCR69cw,2021-04-21 21:04:32 UTC
oft4BFvoD08,2021-04-21 01:15:54 UTC
bngsrbFI2UY,2021-04-20 07:49:42 UTC
GrqbX1vZ02A,2021-04-19 21:41:40 UTC
LFoFYfUEfTI,2021-04-18 15:40:42 UTC
2RYw2uwW1RE,2021-04-17 19:41:39 UTC
sCu8-aCSZbE,2021-04-17 14:54:55 UTC
NtQzVV5X6Bk,2021-04-16 21:51:21 UTC
PWauoofKha0,2021-04-16 19:23:14 UTC
uDWdzYxwJTA,2021-04-16 13:14:01 UTC
BgR2kwo12Xc,2021-04-16 11:30:30 UTC
1tGl7RYTMCM,2021-04-16 06:35:55 UTC
W14c6mT5YzE,2021-04-14 21:51:01 UTC
_C6ViAI8oM4,2021-04-13 20:09:35 UTC
ccFdKzapNBA,2021-04-13 17:55:27 UTC
cNohbgowbd0,2021-04-11 20:33:07 UTC
i0KoZXC8738,2021-04-11 09:03:03 UTC
wsJWV4lsJiA,2021-04-10 14:33:13 UTC
VqCisg_dTew,2021-04-10 14:16:00 UTC
rsCul1sp4hQ,2021-04-10 08:24:52 UTC
lv2eTW999hI,2021-04-09 16:07:19 UTC
wizYidApMxA,2021-04-09 15:42:01 UTC
Fst6CdWY5VU,2021-04-09 15:29:50 UTC
bR8hGXbxb54,2021-04-08 20:56:10 UTC
CsxcoV3rra0,2021-04-08 18:18:09 UTC
qP6cEimZKxE,2021-04-08 18:17:22 UTC
71rs8r5GXzY,2021-04-08 16:04:42 UTC
B55LpURxP6E,2021-04-08 15:38:16 UTC
FjnMY9317g0,2021-04-08 15:12:21 UTC
4_RNFof-eMY,2021-04-08 07:57:02 UTC
FK6JLTaz1Zg,2021-04-08 07:13:33 UTC
4AK0VNNEdOs,2021-04-08 07:10:34 UTC
gzYgQKwlPq4,2021-04-07 20:37:18 UTC
zsjvFFKOm3c,2021-04-06 16:45:02 UTC
MlOGJnjX9Go,2021-04-04 23:55:03 UTC
1_VDtFATP1g,2021-04-01 22:04:50 UTC
IzWYfx4Kkdg,2021-03-31 21:26:54 UTC
qbxPk3kANR0,2021-03-31 21:16:36 UTC
YPs32k0awQA,2021-03-30 19:59:59 UTC
ZLH1_C-UNHw,2021-03-30 07:49:59 UTC
koOuhXmdBdI,2021-03-29 21:30:34 UTC
8cWTmje_XZw,2021-03-27 20:34:01 UTC
DXHeoG9r5M8,2021-03-27 01:40:01 UTC
xVlfd8-FWB8,2021-03-25 22:23:50 UTC
ecl-eCbYFPM,2021-03-25 20:06:21 UTC
i2pN55pluTA,2021-03-24 21:44:37 UTC
rcZrUYEw3HM,2021-03-24 19:23:54 UTC
nvlizC6koSc,2021-03-23 16:05:00 UTC
auC6wj46xMg,2021-03-23 12:31:18 UTC
ibeB9Ku2_fA,2021-03-23 07:31:05 UTC
PUkjhQUzW7Q,2021-03-22 12:22:18 UTC
0A4YYsnkhP8,2021-03-21 21:27:39 UTC
j7BN8GpONGU,2021-03-21 20:48:36 UTC
3nN0ikZOEJE,2021-03-20 18:54:05 UTC
l-rGTi3WFh4,2021-03-19 09:23:00 UTC
I_SQBcfaUcg,2021-03-13 17:45:18 UTC
1PBNAoKd-70,2021-03-13 12:45:42 UTC
VB_GWz25B3Q,2021-03-12 08:56:06 UTC
V7J9aMy_CFk,2021-03-11 20:18:27 UTC
CQ96iaqFWSo,2021-03-11 15:11:27 UTC
5XOIHEEOoB4,2021-03-09 22:21:01 UTC
ZXsQAXx_ao0,2021-03-08 12:58:59 UTC
4CLohkgD1IU,2021-03-07 17:57:46 UTC
avFfSfdO4vU,2021-03-07 02:36:11 UTC
lELqICjAOwg,2021-03-03 18:24:17 UTC
32NKnk9I4BI,2021-03-02 13:49:25 UTC
I6RVE0xYjoI,2021-03-02 08:30:14 UTC
ycdNmAGk2PQ,2021-02-28 21:46:30 UTC
Zl_Pr88pIwY,2021-02-28 09:25:54 UTC
ayX-r3E9g1k,2021-02-22 13:44:52 UTC
zB8_HbrxUi8,2021-02-22 09:23:01 UTC
J5_rBMLCv24,2021-02-22 07:03:04 UTC
t6xxD0zt_NI,2021-02-18 23:02:49 UTC
W1NR8s6d6-M,2021-02-18 22:33:31 UTC
hUyVvpEItXY,2021-02-18 19:31:19 UTC
pfU0QORkRpY,2021-02-17 13:28:36 UTC
5Qgef1-SWfw,2021-02-17 12:00:55 UTC
0nplzEY0IXA,2021-02-17 08:48:11 UTC
cnTlNKZYFjQ,2021-02-16 12:59:10 UTC
nAaRrODX3lo,2021-02-15 22:49:19 UTC
9DHuHkwaWWs,2021-02-14 17:29:54 UTC
eIQh02xuVw4,2021-02-13 18:04:02 UTC
FXEp9JyC24w,2021-02-12 23:10:10 UTC
W0e7wJvjn4k,2021-02-12 22:53:54 UTC
I7DlY3fARgM,2021-02-12 16:41:39 UTC
PHEIkwaZ5vg,2021-02-12 15:32:13 UTC
foQ5EHXmOuA,2021-02-11 20:42:32 UTC
8nqrJIubA3g,2021-02-10 16:26:48 UTC
nOzeJzikKjc,2021-02-09 09:30:33 UTC
 -B58GgsehKQ,2021-02-08 17:03:39 UTC
KAPM_nn2UoA,2021-02-05 18:30:56 UTC
jd50pH4WRGs,2021-02-03 19:45:41 UTC
NePLRa7Eh5k,2021-02-02 20:26:54 UTC
OT-osHVZUtI,2021-01-31 19:39:05 UTC
bAi4pQgTRko,2021-01-28 21:20:07 UTC
AlsuaHCFXb8,2021-01-28 18:48:42 UTC
COGwfqTK5I8,2021-01-28 13:52:32 UTC
vLm68qbNjkU,2021-01-28 07:39:57 UTC
YAvs-RqTIhk,2021-01-24 22:04:54 UTC
STJQMQkF8uA,2021-01-24 21:09:40 UTC
I_KDeKut2uA,2021-01-24 15:46:35 UTC
6R9nMYDtTzE,2021-01-23 22:35:40 UTC
we6cVVc7Zcg,2021-01-22 21:58:08 UTC
aFdE__2OKc8,2021-01-22 13:28:01 UTC
eZ74x6dVYes,2021-01-22 07:40:29 UTC
ZcXAy94Ou6U,2021-01-22 07:32:50 UTC
sSu5epvd6Lc,2021-01-20 15:04:11 UTC
ekUmVqYEnMU,2021-01-19 23:05:28 UTC
GBQzj2yVDqY,2021-01-19 21:04:09 UTC
OuvwZnjJv6w,2021-01-19 18:07:07 UTC
zHL9GP_B30E,2021-01-18 21:40:48 UTC
E8yMyJp_G-o,2021-01-18 13:47:42 UTC
SMZFmzlSspE,2021-01-17 19:10:18 UTC
8b_HM1mfhlc,2021-01-16 21:57:58 UTC
QdHvS0D1zAI,2021-01-14 20:35:39 UTC
HZHHBwzmJLk,2021-01-14 07:45:35 UTC
9EOAEWC9hJ4,2021-01-13 21:04:10 UTC
cFhzUWAgU-g,2021-01-11 09:44:27 UTC
eH4pwi8jcQU,2021-01-11 09:33:08 UTC
5Fg9oZk-5uA,2021-01-09 22:39:43 UTC
YBA3w5r_oaA,2021-01-09 19:36:53 UTC
cvFt2Xcuois,2021-01-07 23:29:50 UTC
5_On8bpUYqs,2021-01-01 02:21:39 UTC
NVYOXfyQLy8,2020-12-27 21:21:01 UTC
cE_01HbV8pU,2020-12-26 23:28:11 UTC
gnupOrSEikQ,2020-12-26 20:56:41 UTC
Hfr-e13av5I,2020-12-26 09:05:27 UTC
fjUuOQblZHc,2020-12-25 12:14:46 UTC
MT6M_sqAuZo,2020-12-22 10:17:52 UTC
BzSeGJF6RhM,2020-12-20 11:09:19 UTC
BvUZUptq3Mk,2020-12-18 11:46:58 UTC
vRAfnul80ao,2020-12-14 18:18:04 UTC
oSoj8PMCRPU,2020-12-13 08:29:42 UTC
nzKpf1okDjI,2020-12-12 00:29:24 UTC
jEQYWDw-1B8,2020-12-11 13:50:44 UTC
p8au2ev5hPw,2020-12-11 11:30:31 UTC
MHVBUz1270c,2020-12-09 20:52:43 UTC
J_SMvNTTBMo,2020-12-02 08:27:12 UTC
w7yTrkgIqWA,2020-12-01 12:37:05 UTC
VfsgPQirh_k,2020-11-26 00:40:13 UTC
SSLSF22DKp0,2020-11-23 09:14:19 UTC
xl125ZovpAA,2020-11-22 22:27:54 UTC
A5OjIyYGUZ4,2020-11-22 10:02:02 UTC
HwvePdFzNc4,2020-11-21 00:12:20 UTC
CLPjtwZgyxs,2020-11-19 23:32:12 UTC
1s_7SfrU3OY,2020-11-17 22:46:04 UTC
AHRM_QNvp9E,2020-11-16 10:08:25 UTC
6HsC9fNcZE8,2020-11-15 19:11:32 UTC
Z_5h1xxNkP4,2020-11-15 10:44:36 UTC
lod_LUp3ggc,2020-11-14 22:55:22 UTC
K-cokIanens,2020-11-14 12:01:25 UTC
wZdIFSoXrno,2020-11-10 21:57:13 UTC
Xa4Ge7E-4ZA,2020-11-10 13:32:33 UTC
tX6V6U6mdUo,2020-11-09 22:02:12 UTC
khmjbZtMrJQ,2020-11-03 09:12:22 UTC
p_jvReV6Yt4,2020-11-03 07:36:23 UTC
8AvuSkS-kuY,2020-11-02 23:31:31 UTC
4m_wKrqPA98,2020-11-01 10:20:48 UTC
LrTE1Vkezs8,2020-10-31 10:49:39 UTC
gRJQiIkYC84,2020-10-31 10:45:13 UTC
6JttxtNyRmE,2020-10-30 22:57:56 UTC
jQEnp67U9no,2020-10-29 21:36:26 UTC
PvsCDnk-Kvk,2020-10-29 08:24:59 UTC
D5zx2Bm2xMk,2020-10-28 21:49:42 UTC
qux3YYBTvwQ,2020-10-27 23:24:45 UTC
c-Z4me0FIVw,2020-10-22 07:09:00 UTC
Zq4hVKI1ACc,2020-10-14 21:32:43 UTC
vPHuse_Mk8c,2020-10-12 07:43:05 UTC
YonS9_QJbp8,2020-10-07 22:52:57 UTC
s8P2AFGvc7g,2020-10-07 13:10:52 UTC
7zRyciQ8NM4,2020-10-04 18:55:10 UTC
B6aoap7-oLQ,2020-10-02 17:19:28 UTC
VpQAK3G1EHY,2020-10-02 11:03:41 UTC
wbR-5mHI6bo,2020-09-29 15:35:10 UTC
0e9JgyzCIBc,2020-09-26 20:36:12 UTC
Sp6idnemeE0,2020-09-26 19:52:27 UTC
GSUWvaa-ZSc,2020-09-26 15:00:39 UTC
COYmLxdAycQ,2020-09-26 09:51:24 UTC
R4LyvUYb2mo,2020-09-25 19:05:03 UTC
kSqNhjiLXXA,2020-09-25 12:04:43 UTC
hfzSy9IkRJQ,2020-09-25 10:39:55 UTC
IrmmGB2Yfg4,2020-09-21 17:36:55 UTC
9RHFFeQ2tu4,2020-09-19 16:47:26 UTC
kacmvEtswrs,2020-09-19 11:06:39 UTC
mRdZktoTbhs,2020-09-15 09:24:15 UTC
zbxAB7rTpDc,2020-09-12 19:36:20 UTC
K09_5IsgGe8,2020-09-12 19:28:43 UTC
K3Qzzggn--s,2020-09-12 19:19:18 UTC
f7eaGcIyhPU,2020-09-12 18:37:06 UTC
GrAchTdepsU,2020-09-12 18:31:58 UTC
9ClYy0MxsU0,2020-09-12 17:59:02 UTC
RcVLbsi3t1o,2020-09-11 11:38:52 UTC
3CxtK7-XtE0,2020-09-11 11:10:12 UTC
4eDUrt-ihmY,2020-09-10 12:12:03 UTC
tikAdyPE5Nw,2020-09-10 10:46:27 UTC
hjSB4JyzyEE,2020-09-06 17:58:10 UTC
NxF4lwII9YI,2020-09-03 12:27:05 UTC
FptlVRbOPMY,2020-09-02 21:45:20 UTC
O5BJVO3PDeQ,2020-09-02 20:50:44 UTC
fp2EZbbuMa0,2020-09-01 23:55:07 UTC
8xRz8ra9mdI,2020-09-01 15:26:57 UTC
C5xDGXdfYcY,2020-08-31 18:31:17 UTC
97-MRqUrabM,2020-08-30 13:31:34 UTC
09JlQLSOWbI,2020-08-29 20:38:09 UTC
s6_azdBnAlU,2020-08-29 12:59:10 UTC
lGABSSZ_A2Y,2020-08-25 16:09:04 UTC
a4PQHpBhekE,2020-08-24 09:07:47 UTC
jg85H26wyLk,2020-08-22 11:19:09 UTC
 -X3QAqjlhXI,2020-08-17 22:12:38 UTC
WtBTqGzErn8,2020-08-17 13:26:11 UTC
bqPARIKHbN8,2020-08-16 11:05:51 UTC
ZT4PtvgakLU,2020-08-13 02:03:25 UTC
bdneye4pzMw,2020-08-13 01:47:35 UTC
UO8XJI8VaGg,2020-08-12 10:16:34 UTC
6z5YufE2Pj0,2020-08-12 10:03:13 UTC
HuSUsBOl91Q,2020-08-10 20:33:59 UTC
al1wSExW4fw,2020-08-10 20:28:33 UTC
xmoiMSiaR6w,2020-08-10 17:49:01 UTC
Fm84avr84yQ,2020-08-03 23:57:46 UTC
cZGZYn2qq1Q,2020-08-03 23:56:33 UTC
GUUnJsiQxdU,2020-07-31 23:17:03 UTC
ocdnFh1cSWE,2020-07-26 17:04:16 UTC
k1kQYlBR0jo,2020-07-26 08:13:49 UTC
w9uWPBDHEKE,2020-07-25 22:54:08 UTC
GYk4ymtQ1WM,2020-07-22 14:14:12 UTC
AwizTrq2rDE,2020-07-20 06:25:47 UTC
EbxwGi8bTO8,2020-07-19 15:17:20 UTC
Px_5Z0pPlPc,2020-07-19 12:05:15 UTC
13iWVv4RrB8,2020-07-15 06:41:25 UTC
VPyNf0-PAjo,2020-07-14 23:04:26 UTC
_-Ig0aeJ6jc,2020-07-14 19:08:51 UTC
Ee7dmWqP8-g,2020-07-13 21:41:56 UTC
bAlc6UEm7_M,2020-07-09 13:19:20 UTC
P5wvv2WXf1Q,2020-07-08 15:34:48 UTC
4duZFTrHwhw,2020-07-07 09:12:13 UTC
bScQmbx4Jqk,2020-07-05 08:17:56 UTC
xQVhULJzamU,2020-06-29 21:07:27 UTC
SDfZY99vO3s,2020-06-29 06:47:38 UTC
Hl6WYw6H-VM,2020-06-28 18:43:55 UTC
xGpBQ6TOf2U,2020-06-28 09:04:25 UTC
SENupUP1ViM,2020-06-27 22:26:31 UTC
o-T4-cpSo50,2020-06-25 18:47:06 UTC
h8Mme_UKD8k,2020-06-24 12:33:42 UTC
u0X06UOn1x0,2020-06-23 17:03:08 UTC
tDgCnslqOEI,2020-06-22 21:57:54 UTC
zKRJJZRj6Q8,2020-06-16 11:58:17 UTC
8CsLB43xvQ8,2020-06-15 17:56:38 UTC
HhCzXwdUs_U,2020-06-15 08:33:57 UTC
g6-sx7sIL6I,2020-06-14 21:49:57 UTC
j3j9d9BDLa0,2020-06-11 21:07:43 UTC
LSFV3jstmgQ,2020-06-09 20:56:09 UTC
jjKrMrqf1KQ,2020-06-09 06:53:48 UTC
oHHSSJDJ4oo,2020-06-08 13:29:56 UTC
NpP02s3EJ44,2020-06-07 03:03:12 UTC
MDqRcfo6V_8,2020-06-06 12:38:50 UTC
1-CbngqzB4U,2020-06-05 23:40:10 UTC
td-OFKT-GPk,2020-06-04 19:49:44 UTC
72Eg55rePb4,2020-06-04 17:56:18 UTC
_rEFQJI9K3c,2020-06-02 20:53:37 UTC
R7hZMCQEmWI,2020-06-02 12:27:20 UTC
fjQ7lBdarh8,2020-06-02 12:25:28 UTC
rbGAva-U3HE,2020-06-01 23:06:05 UTC
0JxchCdt4gg,2020-06-01 13:29:25 UTC
mQ167p-d8yQ,2020-06-01 10:52:03 UTC
eYlzL-eYNW0,2020-06-01 10:49:11 UTC
aRmo_D00LJc,2020-05-31 22:55:07 UTC
q-3FoHZlOqI,2020-05-31 22:02:55 UTC
A8a2EosJIbM,2020-05-31 13:02:42 UTC
xAhS4HACW3Q,2020-05-26 08:05:29 UTC
9Bq2Xis-4mk,2020-05-22 13:11:26 UTC
rlBskd3IaNw,2020-05-20 13:00:57 UTC
L2yEG_lP_Yo,2020-05-19 10:48:35 UTC
9H0r8nI72bo,2020-05-17 08:19:34 UTC
UA6dcOzYN70,2020-05-16 23:01:26 UTC
KLY4sxmv0nc,2020-05-16 12:12:16 UTC
EQl9HPFtdKQ,2020-05-14 19:26:12 UTC
mR-u0Cd_EEo,2020-05-12 00:09:00 UTC
M7zwoO6zfVs,2020-05-11 14:55:13 UTC
vlxkcewBEe0,2020-05-09 13:33:13 UTC
xpaurit-7u8,2020-05-08 12:52:23 UTC
kxuwPRY8kEo,2020-05-08 12:32:49 UTC
RcYjXbSJBN8,2020-05-07 22:26:25 UTC
AtOM9wQmbr8,2020-05-06 14:22:06 UTC
JM68meH3FY8,2020-05-04 13:50:34 UTC
mi6EiDKLDn8,2020-05-02 20:13:58 UTC
4YqZ08GxV1c,2020-05-02 09:20:11 UTC
nNPzRXdsH7k,2020-05-01 17:04:54 UTC
D4NHfw8uXH0,2020-05-01 11:16:03 UTC
svIknH19VL0,2020-05-01 09:01:08 UTC
3gmKxkRZzP4,2020-04-30 22:49:57 UTC
A_BlNA7bBxo,2020-04-29 13:19:58 UTC
tFwkqo8dFYU,2020-04-28 12:13:38 UTC
az1H9zQnthk,2020-04-27 16:19:34 UTC
7nbMT_gBFHw,2020-04-26 20:46:03 UTC
vPcDINtnBqg,2020-04-25 22:09:05 UTC
Ak4gI8tJgtQ,2020-04-25 19:18:46 UTC
jliu4jujRqQ,2020-04-25 16:40:10 UTC
hWzccW4TQkg,2020-04-24 23:07:20 UTC
GB2gnayGlkI,2020-04-24 23:01:11 UTC
0NlIz3LoTr0,2020-04-23 22:17:51 UTC
cLs3QP4nBSc,2020-04-23 21:44:09 UTC
eoqR4L5B27M,2020-04-22 21:28:53 UTC
3COMdp4iYIo,2020-04-21 21:20:29 UTC
WCdAtvwW1E8,2020-04-21 19:25:43 UTC
P1en4nBtj4o,2020-04-21 08:47:13 UTC
bC6tngl0PTI,2020-04-20 19:27:21 UTC
0eyyuNvKNzw,2020-04-19 20:55:19 UTC
TG3ycG7Iqjs,2020-04-19 20:47:58 UTC
nRpEB5LjTj8,2020-04-19 11:34:44 UTC
E1tg-7jbBAM,2020-04-18 09:11:49 UTC
V_m7Ik9NZWk,2020-04-17 22:57:10 UTC
98mh3jxcuxI,2020-04-17 12:59:09 UTC
d4i6PGyAhj0,2020-04-16 23:25:26 UTC
SopP_CjHVtM,2020-04-15 22:39:29 UTC
RWEZj9TbLzc,2020-04-13 18:14:49 UTC
rWq-IUBmDGo,2020-04-12 21:34:21 UTC
UxIoZ1omTKY,2020-04-12 21:03:24 UTC
EqiJFVSUqYY,2020-04-12 09:31:18 UTC
TPOA_w9YlkA,2020-04-11 21:10:00 UTC
dD55KH__GAA,2020-04-10 15:52:56 UTC
jEExcR41NTQ,2020-04-08 00:13:27 UTC
pPQuBxwl2t8,2020-04-07 08:17:00 UTC
4zJsop6GDPI,2020-04-06 21:48:13 UTC
lYy6c_BBQEk,2020-04-06 21:39:55 UTC
x6Q4_eNVz1M,2020-04-06 21:35:33 UTC
06w9myH4zsI,2020-04-06 13:40:28 UTC
w4G77WgjtFQ,2020-04-06 13:35:57 UTC
eJREwpzb_7w,2020-04-06 13:25:47 UTC
fTBiu4MfjAw,2020-04-06 12:36:19 UTC
r_0JjYUe5jo,2020-04-06 06:28:00 UTC
IOHaVih75S8,2020-04-05 13:17:14 UTC
Epka2clixz4,2020-04-04 11:47:00 UTC
1slMsfR5eJQ,2020-04-04 11:36:25 UTC
AGnMNor_r-Y,2020-04-04 10:38:53 UTC
6k35n8_7pC8,2020-04-04 08:55:57 UTC
IpLQAwUikl4,2020-04-02 22:00:24 UTC
FXmz-x6iSH8,2020-04-02 08:05:03 UTC
UV2oBnfrXz0,2020-03-31 21:08:32 UTC
Mj7Z1P2hUWk,2020-03-30 16:05:09 UTC
pWDTIVqF6Tw,2020-03-27 00:55:20 UTC
6zvIJNwvu0o,2020-03-25 11:22:48 UTC
EW86gVGVrRw,2020-03-24 22:51:45 UTC
r4iO0GpgnlQ,2020-03-23 16:45:41 UTC
Q7Uw3PCp3mc,2020-03-22 12:04:55 UTC
tpAbIff43JE,2020-03-21 21:38:27 UTC
KElwXfqd1Z0,2020-03-20 21:48:12 UTC
8RLr02KE9G8,2020-03-20 16:14:27 UTC
YIyLj2S2Ngw,2020-03-19 21:59:23 UTC
BtN-goy9VOY,2020-03-19 19:16:03 UTC
cSgcHOSBVP0,2020-03-19 15:50:35 UTC
UGDYmxwn6i4,2020-03-17 21:01:00 UTC
 -MRNjTr6xrE,2020-03-16 06:39:43 UTC
mpIn-bxNQho,2020-03-15 20:11:03 UTC
b49wksb95eo,2020-03-14 16:42:28 UTC
mmlyHMLeo1o,2020-03-12 22:05:47 UTC
5RKNb768pWE,2020-03-10 09:19:07 UTC
XWDNyYoQM1U,2020-03-08 08:50:20 UTC
mMPVOJewSVQ,2020-03-03 11:27:46 UTC
dpAvnPI04-s,2020-03-01 22:58:58 UTC
SuV5_XXNsDE,2020-03-01 20:08:38 UTC
wa9mPAFD6Lw,2020-03-01 20:03:48 UTC
PR-duMh19FY,2020-03-01 18:19:26 UTC
NnhgHM2e9G0,2020-03-01 16:18:59 UTC
myMimzN6jKM,2020-03-01 12:42:46 UTC
nrUM_RzauhA,2020-03-01 12:36:32 UTC
LR3GQfryp9M,2020-02-28 17:40:29 UTC
e4Ao-iNPPUc,2020-02-28 17:36:29 UTC
uT3SBzmDxGk,2020-02-28 17:32:51 UTC
iNL1wTBqHYg,2020-02-28 12:03:43 UTC
WRaZiCLUfHI,2020-02-28 08:22:55 UTC
4e2UmX-cdbU,2020-02-28 06:27:22 UTC
jULqTXf1ocw,2020-02-27 19:10:47 UTC
VhbelQuzOhg,2020-02-27 13:39:29 UTC
F3Xm8c1gtRA,2020-02-26 22:54:02 UTC
tY97kG2XUgE,2020-02-26 09:48:56 UTC
leJNDpm_G10,2020-02-19 11:51:11 UTC
sTTU-T9-RTs,2020-02-17 17:52:47 UTC
FV2tMP37ygs,2020-02-15 20:18:05 UTC
ImMA1jI98ik,2020-02-14 14:17:36 UTC
8r4FxTqQlOA,2020-02-14 10:40:32 UTC
l2cpoHcQyGg,2020-02-12 12:11:22 UTC
fdA7rCV4v1U,2020-02-11 23:07:03 UTC
WPsvw_Db-y4,2020-02-11 19:25:19 UTC
FfkIWauxc9s,2020-02-11 16:51:36 UTC
7lzE0kQnVIk,2020-02-10 18:12:48 UTC
hB42iztkzVQ,2020-02-10 12:18:30 UTC
MWveIltRyYc,2020-02-06 13:58:47 UTC
LPTlvQ1Zet0,2020-02-06 11:33:19 UTC
caF-8KjV11s,2020-02-06 08:42:59 UTC
nzsMGm9m-kE,2020-02-03 10:20:26 UTC
A8NEbvKxvFg,2020-02-02 07:55:35 UTC
qoCTJHBG3tU,2020-02-01 23:31:01 UTC
atVqjSlpaLA,2020-02-01 17:13:20 UTC
NgXbVdr4uaE,2020-01-31 17:09:15 UTC
uLHqpjW3aDs,2020-01-31 13:10:09 UTC
5rPKeUXjEvE,2020-01-31 10:16:40 UTC
U0FjtZ4KBKM,2020-01-31 09:14:26 UTC
sPgr_XWa2VE,2020-01-29 17:17:04 UTC
_EsVySNrIVQ,2020-01-29 17:03:37 UTC
T7w7QuYa4SQ,2020-01-29 12:55:49 UTC
jzd681FFp9U,2020-01-27 18:15:41 UTC
S20NcDLF_t4,2020-01-22 08:10:25 UTC
 -KQGZa773sI,2020-01-21 01:50:35 UTC
gdvUKG18NbU,2020-01-20 19:54:30 UTC
JrO46CJd9ns,2020-01-17 09:23:27 UTC
ZiADuDjueJc,2020-01-16 15:13:52 UTC
oQgqP5ODZZs,2020-01-14 20:10:08 UTC
sxaIrirj8xQ,2020-01-13 07:58:24 UTC
JYwrLx_qYrw,2020-01-12 16:43:56 UTC
AVRv1dA5Byc,2020-01-09 09:16:19 UTC
lm-mgLIs_Wc,2020-01-09 09:03:56 UTC
xGGR4q7Gt1k,2020-01-04 17:49:41 UTC
deH-bfpMJzo,2020-01-04 15:47:11 UTC
E9ubPtQSROw,2020-01-04 11:35:05 UTC
cUVjaHj9fHA,2020-01-02 21:38:33 UTC
hd0tc7rLV1g,2020-01-01 23:51:25 UTC
ov8CROpCelI,2019-12-31 17:45:41 UTC
q-aU7eDTscg,2019-12-29 20:09:49 UTC
diT6jc9flkc,2019-12-29 19:51:22 UTC
0hVZOJCYBBM,2019-12-29 13:27:50 UTC
7j3lr1ILuX0,2019-12-28 11:33:32 UTC
VXS2BJT2gtY,2019-12-27 23:01:10 UTC
bs0SWXbty18,2019-12-27 09:56:40 UTC
rgaTLrZGlk0,2019-12-26 12:44:01 UTC
_T8cn2J13-4,2019-12-26 01:12:30 UTC
_7XW05a8C8E,2019-12-24 17:29:51 UTC
NByf8aHtZxk,2019-12-23 16:21:19 UTC
rQhToR3Ypn0,2019-12-23 08:27:37 UTC
KQvXTRKvt5A,2019-12-22 17:21:06 UTC
yH7et-oIdNk,2019-12-19 13:05:52 UTC
ZRCdORJiUgU,2019-12-19 09:20:20 UTC
1n_cPIhag28,2019-12-16 21:49:37 UTC
QrR_gm6RqCo,2019-12-16 11:37:34 UTC
1VmQQsihcdA,2019-12-15 21:15:47 UTC
qjaN6Lp5O_Q,2019-12-15 21:15:17 UTC
bCw_T52_jUs,2019-12-14 22:33:48 UTC
lex6USTugUU,2019-12-14 09:18:04 UTC
UJ-71U4qSMk,2019-12-14 00:46:47 UTC
Lu56xVlZ40M,2019-12-14 00:46:15 UTC
NWeyUpqnKuk,2019-12-13 11:02:55 UTC
 -LvDyMQh3yg,2019-12-12 09:32:11 UTC
GqQZ9gCLwdA,2019-12-10 08:54:39 UTC
DMXfbX3zY34,2019-12-10 08:46:49 UTC
IeADqoMlxXI,2019-12-10 08:21:29 UTC
LiaVWUI44Og,2019-12-09 19:47:00 UTC
2gyxeXW_2T8,2019-12-04 18:05:18 UTC
tX_PUK0bss8,2019-12-03 13:31:26 UTC
biVfj35iyDc,2019-12-01 08:20:04 UTC
eaCrqJSamPA,2019-11-28 08:09:38 UTC
sYHN-kQB7Ms,2019-11-27 22:31:26 UTC
CTDxHa-gdcY,2019-11-27 17:03:55 UTC
0Ur6_mYxU9s,2019-11-27 07:09:46 UTC
r2wbVsMTtzg,2019-11-26 07:56:19 UTC
fzI9FNjXQ0o,2019-11-24 14:43:08 UTC
19JYOVPmwDM,2019-11-23 20:21:48 UTC
erw9Yc4PULE,2019-11-23 12:13:41 UTC
Id6GS-7juUU,2019-11-19 19:30:54 UTC
48o-frIvn9Y,2019-11-19 19:07:40 UTC
PkAJBQUrrkM,2019-11-17 20:36:05 UTC
OmbAGzpgKIE,2019-11-17 00:57:21 UTC
yK-_FKzJOQk,2019-11-16 17:16:39 UTC
xJ6Ym719urg,2019-11-16 02:42:06 UTC
jepsWbqRaCw,2019-11-16 01:51:17 UTC
0KxJW_x6SOY,2019-11-14 19:30:34 UTC
k5TzL7kAIyw,2019-11-14 19:23:52 UTC
1i9aCLRa4k4,2019-11-14 07:48:57 UTC
02SJVxvdoUk,2019-11-13 18:02:48 UTC
ym_mNU6DWK8,2019-11-13 15:16:20 UTC
EiarVMRAg6o,2019-11-13 11:07:33 UTC
vowQc8lzpvk,2019-11-13 06:59:51 UTC
ndMKTnSRsKM,2019-11-11 22:41:52 UTC
hm3GIa04_TE,2019-11-10 11:58:12 UTC
q2exWoLhSbc,2019-11-10 10:47:47 UTC
cOxlLKXx5Xg,2019-11-09 22:17:49 UTC
OqwosRNC9_A,2019-11-09 08:17:01 UTC
2LoLE7iTCDM,2019-11-05 20:19:51 UTC
qsebzPaSp7E,2019-11-03 08:49:37 UTC
eFS0L8stjUQ,2019-10-31 08:23:36 UTC
jBef5qXd7W8,2019-10-30 23:51:10 UTC
n4xW6Kr834A,2019-10-29 09:30:58 UTC
 -_IBZzuaRxY,2019-10-28 20:28:47 UTC
lMLo3soLNgc,2019-10-28 09:03:37 UTC
UAlIq7BKNxg,2019-10-23 17:47:27 UTC
efs3QRr8LWw,2019-10-23 16:00:20 UTC
YFMT_BVBBsA,2019-10-23 06:23:17 UTC
9qbnWZWNA_Y,2019-10-21 16:59:41 UTC
Wm3squcz7Aw,2019-10-20 15:53:18 UTC
GGBpXVHtGfs,2019-10-19 19:43:28 UTC
LU6Oi80n5J4,2019-10-19 14:05:45 UTC
Re4hMfgj8-Y,2019-10-17 21:32:52 UTC
z6cbVY92TKc,2019-10-16 12:56:53 UTC
5iPH-br_eJQ,2019-10-13 12:48:03 UTC
mCym-7L7JE8,2019-10-07 10:14:32 UTC
jvpHLp3fbGo,2019-10-06 16:42:39 UTC
5PHqk_7kIWk,2019-10-06 07:23:44 UTC
KvuQNNVrbtM,2019-10-03 12:03:16 UTC
fc6vPX5nbro,2019-10-02 07:51:17 UTC
oak7VyEHvro,2019-09-30 17:53:44 UTC
89eZkrKpQks,2019-09-30 17:40:45 UTC
be37-T72DNk,2019-09-30 17:10:28 UTC
GOb493ued-g,2019-09-29 10:03:39 UTC
scaLOEaDvTA,2019-09-29 08:20:31 UTC
zgNVvtOp8mU,2019-09-28 22:16:52 UTC
nNhYqLbsAGk,2019-09-28 11:10:56 UTC
Eh17H0a8SXw,2019-09-28 10:30:24 UTC
BnpdoAIhiyo,2019-09-25 16:05:15 UTC
Xdw-etL9tvQ,2019-09-24 23:08:53 UTC
c6Mx2mxpaCY,2019-09-24 15:34:59 UTC
ePN1J_c4ulw,2019-09-23 21:30:34 UTC
nEB6ZMZqh5g,2019-09-23 19:36:34 UTC
lMbseuQR2G8,2019-09-20 23:09:33 UTC
w5GrxfjuTTI,2019-09-19 21:24:10 UTC
LYa_ReqRlcs,2019-09-19 21:20:24 UTC
MRyLC2M1K2w,2019-09-19 21:20:17 UTC
YqvCptqhHfs,2019-09-19 20:20:47 UTC
2a8PgqWrc_4,2019-09-19 20:18:14 UTC
rnZQvgWhM5s,2019-09-19 20:15:19 UTC
hQC8COGQ4BM,2019-09-19 20:12:10 UTC
1TFZl8oz6Es,2019-09-19 18:24:50 UTC
NmiA-6oA8FQ,2019-09-18 22:24:10 UTC
PDvNrq93ktI,2019-09-17 22:39:31 UTC
sxrzdev5l3A,2019-09-17 00:15:09 UTC
G7kep9440qo,2019-09-12 20:40:59 UTC
Vcu1uJD9cSQ,2019-09-12 19:19:22 UTC
6EsaqafnopI,2019-09-12 15:11:20 UTC
BeeVYZsBAYE,2019-09-12 15:00:45 UTC
Pz46hqCaJVQ,2019-09-12 14:59:18 UTC
91wX0NRjJqg,2019-09-11 21:27:45 UTC
UVpJouUyLBM,2019-09-11 20:15:53 UTC
DYlesHOaPkY,2019-09-10 20:26:24 UTC
CzgjglZqS3Y,2019-09-10 19:06:36 UTC
Wm-HtcQ48_I,2019-09-10 03:41:40 UTC
N0eI501p44M,2019-09-08 21:18:04 UTC
LbhDC8URbIo,2019-09-08 20:23:04 UTC
AWXgfDIXRc8,2019-09-08 20:16:58 UTC
u02gNz-DkJc,2019-09-08 16:28:56 UTC
Rs10O06UF6E,2019-09-08 12:11:37 UTC
oLAw5EGe1zY,2019-09-06 21:19:23 UTC
Lp7Nh4EBEBg,2019-09-06 16:53:36 UTC
wwyPwO6FSa8,2019-09-06 12:16:50 UTC
OjljgkCQv5c,2019-09-04 08:22:40 UTC
OvJBmncS-Jg,2019-09-03 23:24:49 UTC
fXndxC3KpqE,2019-09-03 22:57:18 UTC
JLLwKZ2fJyg,2019-09-02 17:03:07 UTC
7rEfg_KbDbY,2019-09-02 11:38:45 UTC
kEGaLDmQD8M,2019-09-01 16:46:39 UTC
Jjg0jqey6u0,2019-09-01 09:49:36 UTC
IyOk7AFj5KQ,2019-08-31 19:38:38 UTC
XH_Hzrd3WMc,2019-08-31 19:01:58 UTC
DZL58WrPUDY,2019-08-31 13:21:03 UTC
TDb1gsbcLIY,2019-08-31 01:54:26 UTC
iYNNHQXsmUY,2019-08-30 14:14:21 UTC
m6V2Kdps86A,2019-08-30 07:13:55 UTC
3LLnjRLrvLU,2019-08-29 20:57:38 UTC
_OxvXDOY28M,2019-08-29 18:43:52 UTC
xwDTFO_5M1Q,2019-08-29 14:03:45 UTC
NeQToYsmpVM,2019-08-29 09:37:49 UTC
qCLmXN1aRrw,2019-08-29 07:15:25 UTC
uq6PgSa6-28,2019-08-28 18:36:21 UTC
dxLU8sFSqGE,2019-08-27 20:19:30 UTC
_sZH-psg9yE,2019-08-26 21:50:30 UTC
fFzM-7_dSyE,2019-08-26 20:15:53 UTC
KegTv8H2QQM,2019-08-26 20:09:45 UTC
BFx10p_Eai4,2019-08-25 21:19:14 UTC
erE1Nf2hCmk,2019-08-25 21:08:26 UTC
YVxaK8WQhJo,2019-08-25 19:20:43 UTC
qPPG43WcLAY,2019-08-25 16:42:56 UTC
Ia8jUDqXO3Q,2019-08-25 15:11:46 UTC
YaSpTSMWZig,2019-08-24 21:26:04 UTC
7PIMiDcwNvc,2019-08-24 17:32:51 UTC
MQOatXn3TDE,2019-08-23 19:50:30 UTC
5Fkv7MmyRQc,2019-08-23 12:04:45 UTC
GYpOapkr5MA,2019-08-22 18:19:15 UTC
4XLEc3jdgqY,2019-08-22 06:28:22 UTC
yncoNo7tr2s,2019-08-21 06:30:49 UTC
ysbRXMC05Qc,2019-08-19 21:13:57 UTC
ypbFiNvDa4c,2019-08-19 15:51:07 UTC
akCdWaMy2gY,2019-08-19 15:49:31 UTC
Jz-7yUQlapw,2019-08-19 15:48:36 UTC
z1rtviBRNTw,2019-08-18 20:56:40 UTC
giS0BrfXUmM,2019-08-18 15:16:55 UTC
xvJ7BHGcbr0,2019-08-17 09:21:11 UTC
2xP1eSOCKLE,2019-08-16 19:02:20 UTC
VorEFidI8WU,2019-08-15 21:42:24 UTC
wK7GSARUs_Q,2019-08-15 11:41:36 UTC
h7n-wXauzPU,2019-08-14 21:47:41 UTC
yQMn2Ed8QsM,2019-08-13 10:04:30 UTC
hItD7nvISGA,2019-08-13 01:54:05 UTC
Kbl3b_mmyXE,2019-08-11 21:06:25 UTC
NR98SmoCN0o,2019-08-11 18:29:35 UTC
VsVjKpsyN7o,2019-08-11 10:54:41 UTC
zGICvcxx5_c,2019-08-09 13:57:01 UTC
JOgN4tb8c-0,2019-08-08 14:44:24 UTC
k6zVmxp6dOM,2019-08-07 20:59:40 UTC
BQTwvbWAx8A,2019-08-07 20:58:05 UTC
IBRL7D0wcXM,2019-08-07 20:39:47 UTC
UA59y8iCRCQ,2019-08-07 18:41:50 UTC
sbqOmPgaof8,2019-08-07 16:48:51 UTC
ORQt2zn-U9I,2019-08-07 16:48:35 UTC
ww8HKz1PA50,2019-08-07 16:45:12 UTC
lHu7oIfQqBU,2019-08-07 08:11:16 UTC
1QK2h-LCrHk,2019-08-06 09:35:34 UTC
DIDe8JctUGs,2019-08-05 23:51:58 UTC
ZLQmB7_l6A8,2019-08-05 14:43:43 UTC
dLScfe4SkfA,2019-08-05 11:57:27 UTC
PkP3JIWL2mQ,2019-08-04 22:43:42 UTC
Rf3dX4x6tJA,2019-08-04 22:01:12 UTC
3teYnep1oHA,2019-08-04 18:25:27 UTC
2VzMWT2ID08,2019-08-04 18:18:17 UTC
YRhqMWUH2Ig,2019-08-03 12:09:46 UTC
qpLFWwo7tL0,2019-08-03 12:02:52 UTC
HfwPL-bd_mk,2019-08-01 14:36:55 UTC
Tfb99MZlqKY,2019-08-01 11:27:39 UTC
EXG9H__91hk,2019-07-30 21:32:14 UTC
8Le7yEPA5SY,2019-07-30 00:09:51 UTC
lyG942-zMmg,2019-07-30 00:09:42 UTC
y5Pgre11bFg,2019-07-29 22:45:53 UTC
oGVhOWqsBWM,2019-07-29 22:42:12 UTC
1gq88ujkE0s,2019-07-29 22:35:45 UTC
gjI7YhFxn1o,2019-07-27 18:24:24 UTC
leOb6ndKiWU,2019-07-26 15:33:40 UTC
cPJUBQd-PNM,2019-07-24 11:10:08 UTC
B5zvp480jMc,2019-07-14 14:51:02 UTC
T1CQL4UfJdE,2019-07-13 18:17:01 UTC
3dBiNGufIJw,2019-07-13 18:16:44 UTC
5PiYGLR3Wv8,2019-07-13 18:04:41 UTC
yzJokj2gelY,2019-07-12 16:47:58 UTC
v_GJnrSf9k4,2019-07-11 18:34:41 UTC
SyElmtT8MQw,2019-07-11 08:57:10 UTC
p-DPZ6M6-7E,2019-07-10 21:47:32 UTC
h-GQlkyU7p4,2019-07-10 20:15:22 UTC
IYn3IVDZKjw,2019-07-10 18:06:17 UTC
yQv8iRTum3Y,2019-07-09 23:00:51 UTC
No9X4eQhWDI,2019-07-09 08:42:05 UTC
 -Anyq7-N0zY,2019-07-08 22:09:07 UTC
HPkuEIgo2-o,2019-07-07 18:33:02 UTC
5530I_pYjbo,2019-07-05 22:33:26 UTC
iqM2yrJd4hk,2019-07-05 20:03:41 UTC
AL2Pw5kOyKQ,2019-07-04 22:45:14 UTC
6Katr63CBL8,2019-07-04 21:14:53 UTC
CTAud5O7Qqk,2019-07-04 09:26:08 UTC
 -VCPj5F7z7I,2019-07-03 19:12:06 UTC
wHQKij7tATE,2019-07-03 16:46:12 UTC
oHCWOL2qsoQ,2019-07-03 12:41:37 UTC
YWN81V7ojOE,2019-07-03 08:54:15 UTC
 -Z3XiTJZEB4,2019-07-02 15:52:51 UTC
WRgFbqgZBro,2019-07-02 09:32:28 UTC
QIYoLMJoJZI,2019-07-02 08:19:14 UTC
J4XqjYQ5fao,2019-06-29 18:20:20 UTC
pewYXm_Jjbs,2019-06-27 23:04:40 UTC
YsiM1dOy7rQ,2019-06-27 19:26:23 UTC
zTxxlPGohz0,2019-06-26 21:16:48 UTC
 -fcxfxdxaY8,2019-06-26 20:59:20 UTC
QswR_IV3Egw,2019-06-26 20:40:30 UTC
12o3Zgupu_8,2019-06-26 09:23:24 UTC
YZpfzYVR7Cw,2019-06-22 21:00:49 UTC
pTl42COCNaM,2019-06-22 20:30:18 UTC
zqIzIkJbvq8,2019-06-22 08:00:08 UTC
VGt-BZ-SxGI,2019-06-22 00:56:10 UTC
rJkPT7RWm9Y,2019-06-21 08:49:09 UTC
uFdDMtLr9nM,2019-06-21 08:45:02 UTC
3vHvOyZ0GbY,2019-06-20 22:06:50 UTC
KevO1kVeHGc,2019-06-20 20:57:10 UTC
F1Lt8isKPlk,2019-06-20 13:57:42 UTC
drSu45a6H84,2019-06-20 07:37:13 UTC
fuSJ5k1orBk,2019-06-18 18:58:55 UTC
aypQeUYFYW4,2019-06-18 18:56:46 UTC
kW7tWSc-FTo,2019-06-18 18:33:40 UTC
mGVonT-xgcQ,2019-06-18 18:25:37 UTC
fsoEbYSA9l4,2019-06-18 08:00:23 UTC
75tUgLxzE7Q,2019-06-18 07:42:23 UTC
dlo3rBFDLug,2019-06-17 13:22:15 UTC
jIR9RPlWWsg,2019-06-16 14:42:06 UTC
Ns6r6mgARV0,2019-06-15 11:24:17 UTC
3qHkcs3kG44,2019-06-14 21:49:42 UTC
VN-rQ_Swi24,2019-06-14 14:41:16 UTC
Yrr9_bU3fd0,2019-06-12 21:00:21 UTC
DJklHwoYgBQ,2019-06-12 20:19:13 UTC
HV_aPxdWujk,2019-06-12 20:07:40 UTC
TqsmROB-CGM,2019-06-12 19:08:35 UTC
_mWfxZY6T24,2019-06-10 18:56:00 UTC
sAJWD-0dxk8,2019-06-09 21:22:50 UTC
geJg1CZv_-Y,2019-06-09 09:47:29 UTC
zV8ybDktCLE,2019-06-08 11:32:32 UTC
CzZ80Dl9Moo,2019-06-07 23:44:41 UTC
QqBzotBqV4g,2019-06-07 19:49:22 UTC
s9--uH2gbWw,2019-06-06 08:04:01 UTC
OkSsbOek44k,2019-06-05 21:28:12 UTC
l9SH83yVEL4,2019-06-04 21:14:24 UTC
QeviyBHqR7k,2019-06-03 16:49:00 UTC
7J497zYUutc,2019-06-03 16:48:09 UTC
2ZKPnuUFwOk,2019-06-01 23:32:49 UTC
iMU_xnfKCpE,2019-06-01 09:36:37 UTC
HWnRuPZ1Exg,2019-05-31 22:16:49 UTC
RlQYRJyuLp8,2019-05-29 19:20:35 UTC
gAMYOePgsuw,2019-05-28 21:04:54 UTC
K8Ks5lwb7Gg,2019-05-28 20:58:17 UTC
67IHH_V2aRM,2019-05-25 13:45:33 UTC
J5ZJIK8ccH4,2019-05-25 13:34:36 UTC
R1_i2SoDaV4,2019-05-23 02:04:02 UTC
a-H2u-giS2s,2019-05-21 22:24:01 UTC
lzciXblJOkk,2019-05-20 22:07:20 UTC
33hjjvHGBa0,2019-05-20 17:09:51 UTC
ha4tRQwKIUg,2019-05-20 00:05:09 UTC
occ1rC7jgc4,2019-05-19 21:14:32 UTC
seMUW6pakbo,2019-05-19 21:04:20 UTC
7bBUsXFQzBM,2019-05-16 22:17:21 UTC
SFnMkigtHyI,2019-05-15 18:58:24 UTC
qlN1LK3PyH8,2019-05-14 21:09:19 UTC
s7-GWz44VDc,2019-05-14 15:03:43 UTC
AXWEW9ZmYsc,2019-05-13 21:09:34 UTC
ZCMs4FrC_c0,2019-05-12 13:11:42 UTC
GCTuirkcRwo,2019-05-10 12:06:24 UTC
fFzj14bpMu4,2019-05-10 10:08:37 UTC
pz8tHqfsuqY,2019-05-09 14:53:04 UTC
LuQVJv3y7aM,2019-05-09 14:05:12 UTC
So5fTOmyZLs,2019-05-08 22:24:40 UTC
rUDvxh4zfmY,2019-05-08 19:00:15 UTC
3uwFrrvgI64,2019-05-07 17:26:03 UTC
9OVqasb7BpA,2019-05-07 15:15:15 UTC
H8x6x8enzrk,2019-05-07 08:39:25 UTC
fTHg-tGvlJ8,2019-05-06 13:46:47 UTC
yQ1J1Klo9dg,2019-05-05 11:57:57 UTC
dLMRXgT8mYo,2019-05-04 17:12:55 UTC
E9vF215E5lw,2019-04-26 02:05:27 UTC
gvYwA_1T670,2019-04-25 07:24:00 UTC
dc1Gw3cDfnc,2019-04-25 05:51:59 UTC
LnO6Yqxx_M8,2019-04-23 22:27:29 UTC
pvuN_WvF1to,2019-04-23 19:34:11 UTC
kkNP1ZRJqGA,2019-04-23 19:33:59 UTC
qPnTTA8BC8A,2019-04-22 18:06:10 UTC
8TnOc5K9Spk,2019-04-20 17:30:45 UTC
o3tSAKerrnU,2019-04-20 08:36:44 UTC
PGbAWTqUuxQ,2019-04-19 08:35:29 UTC
1Nda8fr9h3o,2019-04-18 20:05:48 UTC
xX4D8anW4Rk,2019-04-15 21:41:41 UTC
C2fRC55rA8w,2019-04-15 18:00:05 UTC
V0ahIyuAfVQ,2019-04-13 17:51:32 UTC
jz5nM6Dz5yU,2019-04-13 17:34:37 UTC
BATg388DiDQ,2019-04-12 11:50:26 UTC
SR5kfWXfxto,2019-04-11 20:44:03 UTC
7ysFgElQtjI,2019-04-11 17:31:36 UTC
sMYcubNOrPs,2019-04-10 19:25:32 UTC
rc1VR54nHV0,2019-04-09 10:16:23 UTC
hdkhsMrCeAM,2019-04-09 10:16:17 UTC
jn1GFo_wads,2019-04-08 22:16:37 UTC
Imf1CLw8fSA,2019-04-08 09:11:28 UTC
eHYkTUmsJlY,2019-04-07 20:09:40 UTC
EAseH3ji1_o,2019-04-06 09:18:46 UTC
9yrdFAJUSaU,2019-04-05 15:14:38 UTC
SsKT0s5J8ko,2019-04-04 17:26:19 UTC
SVIWx6PuSOs,2019-04-04 09:59:46 UTC
uvRlpcu3yjQ,2019-04-03 21:04:25 UTC
UVxU2HzPGug,2019-04-03 16:44:04 UTC
ojvqIumZtnU,2019-04-02 18:56:17 UTC
bmecPRaL2n0,2019-04-02 18:25:50 UTC
VL9rd4NLXCo,2019-04-01 16:22:22 UTC
tyiwliH64Mg,2019-04-01 16:08:35 UTC
PHgc8Q6qTjc,2019-03-31 21:32:51 UTC
QiCVlV4s9bU,2019-03-31 21:19:20 UTC
5BXMDIVioNE,2019-03-31 08:38:12 UTC
40uggKgcDsg,2019-03-31 08:27:22 UTC
OY2ydWCSvUA,2019-03-30 02:33:22 UTC
smqhSl0u_sI,2019-03-29 18:41:18 UTC
zDPSRzHWSgY,2019-03-29 15:40:06 UTC
zFZWWJADtys,2019-03-28 21:32:28 UTC
tIZLzoqTToc,2019-03-27 23:26:54 UTC
R7u8C-rcU3k,2019-03-27 15:49:33 UTC
lnOKRd3QQpM,2019-03-26 21:45:02 UTC
KWVoJochQ_U,2019-03-25 22:57:41 UTC
WdWYb5kkszw,2019-03-25 19:00:08 UTC
52XSfgxIudI,2019-03-24 20:04:40 UTC
 -g7yAXPuu6A,2019-03-24 06:29:30 UTC
5xw88etRWCM,2019-03-23 18:57:39 UTC
v-sJ106h1dU,2019-03-23 14:05:52 UTC
vNpV9qV0Czg,2019-03-22 17:46:37 UTC
dTAZQVrzMNI,2019-03-20 22:04:28 UTC
hP_vlonRtTc,2019-03-19 21:36:34 UTC
a2U5FUV6EfM,2019-03-19 20:21:23 UTC
umxmHpUPS5A,2019-03-18 17:18:20 UTC
lNVh2X6YTXM,2019-03-17 14:10:45 UTC
 -YedWSJnKzA,2019-03-16 23:48:33 UTC
CgiqYrnMtdA,2019-03-14 20:02:55 UTC
BGRY14znFxY,2019-03-13 18:56:17 UTC
DmWWqogr_r8,2019-03-12 08:11:42 UTC
WyD_oesdxiI,2019-03-11 18:23:44 UTC
vNDdGcilCI8,2019-03-10 22:41:31 UTC
uQFVqltOXRg,2019-03-10 12:14:06 UTC
36xrrQGXv-s,2019-03-09 12:25:51 UTC
dTfYEwjdmZE,2019-03-09 11:02:54 UTC
c2gq4IwIc_s,2019-03-07 22:25:48 UTC
8Kg26-gziVQ,2019-03-07 08:47:42 UTC
e5cMUvntxao,2019-03-06 21:52:42 UTC
xTamIwZFr1s,2019-03-06 17:52:27 UTC
taCRBFkUqdM,2019-03-06 14:01:06 UTC
_47BQTM6MeA,2019-03-05 20:50:54 UTC
9y871YfIeAk,2019-03-05 17:02:43 UTC
0ZeO0IQaJ-A,2019-03-03 18:00:58 UTC
36x1oC8zCA8,2019-03-01 16:04:10 UTC
LRxn9TLjSSw,2019-02-28 23:21:13 UTC
0MThiM7uz5g,2019-02-28 21:47:36 UTC
F882_Ih61Sc,2019-02-24 19:46:54 UTC
pUFumN5UsiE,2019-02-24 17:01:36 UTC
1SijELJNfrI,2019-02-23 08:08:04 UTC
N63F_otmK4g,2019-02-21 21:05:15 UTC
NRsKKS1jGek,2019-02-21 21:03:13 UTC
zBspJV6Sa2c,2019-02-21 08:12:09 UTC
794Bpp8M1pE,2019-02-21 07:59:51 UTC
7jlpp-my4xo,2019-02-19 21:50:45 UTC
ZriIkj6IgFw,2019-02-19 19:00:04 UTC
3obig1XeOlw,2019-02-18 18:26:04 UTC
hSLNCXgRcSE,2019-02-17 22:15:23 UTC
Xx3NFu0mWZ8,2019-02-14 22:42:09 UTC
7lfemZ9dmAE,2019-02-14 18:30:18 UTC
Re5Z_QecBP4,2019-02-13 22:35:03 UTC
1sEBxhLrDTY,2019-02-13 11:09:55 UTC
4mxXdCUXSSs,2019-02-13 08:03:16 UTC
LEoaFOpJ4PM,2019-02-10 17:50:16 UTC
5caaiuKBSic,2019-02-10 17:49:37 UTC
DDUp927MPMI,2019-02-10 17:48:14 UTC
xxIgHwMOCtg,2019-02-10 09:12:58 UTC
aq-0wL9CHE4,2019-02-10 09:12:41 UTC
lpk6oK1rIwk,2019-02-09 17:51:40 UTC
X7z8tUgBKcQ,2019-02-09 14:41:22 UTC
oMI45f44WlM,2019-02-09 07:59:31 UTC
1n5nOEJtrYA,2019-02-08 19:02:04 UTC
sG4kFxtNI54,2019-02-08 11:25:24 UTC
K-RpoV5thgY,2019-02-07 08:59:34 UTC
rXrIwJDSAMQ,2019-02-07 07:35:54 UTC
_dFcz5wyRDM,2019-02-06 19:38:08 UTC
d1tAfXKc7-c,2019-02-06 18:53:40 UTC
W9bwlKRc-mw,2019-02-06 14:20:52 UTC
tVeV3Jz18kc,2019-02-05 14:17:04 UTC
X9tEZhw4GMM,2019-02-03 22:23:46 UTC
1pRh6edafrE,2019-02-03 22:22:21 UTC
vvWSDFD-HOw,2019-02-03 21:36:02 UTC
yrQlMftOTqc,2019-02-03 21:24:14 UTC
vo_XfVhu6ag,2019-02-03 14:08:53 UTC
nsX4JXld5sQ,2019-02-03 14:08:38 UTC
f0qRoKxzFYI,2019-02-03 12:05:26 UTC
XYShjTQ-X3A,2019-02-01 22:33:42 UTC
IiW2smvEcBM,2019-01-31 21:14:33 UTC
ozO45CVao5E,2019-01-31 09:17:21 UTC
iqkg0ZBQZMQ,2019-01-29 08:37:29 UTC
a4AzpwJDlFI,2019-01-28 21:11:29 UTC
hLC9ZxtuLxI,2019-01-25 22:01:16 UTC
kUd9act5EP4,2019-01-23 16:41:48 UTC
z6OumrXw-Hg,2019-01-20 22:07:29 UTC
mttJ5Po_OIw,2019-01-20 22:04:40 UTC
yMWel-ct3nw,2019-01-19 10:25:10 UTC
bOgApS67xZ0,2019-01-17 20:47:56 UTC
HuIb3XTQVJw,2019-01-14 20:21:15 UTC
pvrc0UenwKk,2019-01-08 22:18:35 UTC
0looVXRbaDk,2019-01-07 23:01:43 UTC
ZX5ajIAhKTk,2019-01-07 22:45:44 UTC
Nqh8dSzQV-g,2019-01-07 20:41:55 UTC
 -aFFSDeHWFg,2019-01-06 11:15:12 UTC
lA-gGl6qihQ,2019-01-04 19:40:00 UTC
_8glhvJR4zQ,2019-01-03 21:18:47 UTC
UaURvlF-3vU,2019-01-03 09:53:31 UTC
4tJJnC26_uw,2018-12-28 13:56:09 UTC
kP15q815Saw,2018-12-27 23:06:01 UTC
paG1-lPtIXA,2018-12-24 10:43:35 UTC
Dauk89UVftM,2018-12-23 19:49:20 UTC
zZ8NuPIymlk,2018-12-23 19:45:58 UTC
fXID7kWnhHs,2018-12-22 02:43:58 UTC
PEBS2jbZce4,2018-12-22 01:57:16 UTC
XpLPEmopV-8,2018-12-21 15:56:54 UTC
9Y1_csxUqQ8,2018-12-17 22:29:37 UTC
tTzmUKEPerA,2018-12-13 09:02:31 UTC
WCy_hSyFITE,2018-12-11 21:43:19 UTC
kv8gvXPwWjY,2018-12-09 21:34:05 UTC
gd74iJ68LJk,2018-12-09 19:43:09 UTC
eh13ftMgsjk,2018-12-09 14:28:06 UTC
Jr_sMMna8ck,2018-12-09 14:03:16 UTC
chLOgj8xjx8,2018-12-09 12:13:54 UTC
Mm0es1H1MWk,2018-12-07 22:07:06 UTC
pitmZmnpmi0,2018-11-27 21:14:44 UTC
acLyyBCXDkw,2018-11-26 22:05:58 UTC
pbw9MtWTlKY,2018-11-15 22:09:22 UTC
RUA5yIcZ_uY,2018-11-15 22:06:15 UTC
kgWhbwU0hUs,2018-11-15 17:17:05 UTC
uKmjvCPllWQ,2018-11-14 18:59:53 UTC
OtRuEhm9Eoo,2018-11-14 18:52:37 UTC
kewXtkGmDtw,2018-11-14 17:46:24 UTC
FZGakQjkyKI,2018-11-12 22:32:08 UTC
R6gWDM26PSs,2018-11-11 13:40:54 UTC
GKaakjMVtyE,2018-11-11 12:31:49 UTC
 -xY_D8SMNtE,2018-11-10 14:36:55 UTC
lbnil0A_ihw,2018-11-09 20:59:38 UTC
aCT3VATKAqQ,2018-11-07 18:33:29 UTC
AhoL1isJPiI,2018-11-05 18:01:44 UTC
7tjYL70ouCU,2018-11-01 21:24:17 UTC
LKxpwlKRQ2U,2018-10-25 17:43:33 UTC
AqbeSo6YY9Y,2018-10-25 06:56:08 UTC
PCVa1gXvz2c,2018-10-21 21:12:06 UTC
zMZ7BsoUAG8,2018-10-19 16:32:40 UTC
trfHP5LHVNY,2018-10-18 09:24:11 UTC
z_02_aBCu_g,2018-10-17 20:39:20 UTC
mR6RUVoj_4k,2018-10-15 19:53:06 UTC
8dHAWTzD5SE,2018-10-06 12:03:24 UTC
6Dh-RL__uN4,2018-10-06 11:57:38 UTC
PaL8epDdNB4,2018-10-04 15:42:18 UTC
oABZ3xBQqB8,2018-10-01 21:16:10 UTC
Lq8aaZvqpW4,2018-09-26 19:46:30 UTC
Bp5zAGVP0K0,2018-09-17 18:01:49 UTC
Fbh76F-ShGU,2018-09-16 20:19:59 UTC
9xvWFAMrfI0,2018-09-13 19:20:48 UTC
F3YThskYdq0,2018-09-13 07:41:10 UTC
F1B9Fk_SgI0,2018-09-12 15:58:01 UTC
JzSUgOmP66Q,2018-09-08 19:57:26 UTC
XAe3sIxcXw0,2018-09-08 11:02:41 UTC
ycPr5-27vSI,2018-09-07 21:42:41 UTC
TErySTMbFlk,2018-09-07 20:33:50 UTC
CBwJF75wZnw,2018-09-03 17:29:34 UTC
KfrIbN1mG0M,2018-08-31 22:25:35 UTC
7qnKCXqzYXg,2018-08-30 21:01:20 UTC
KtzBsKbPkHA,2018-08-29 22:17:48 UTC
490RkTz_q2s,2018-08-27 11:44:37 UTC
AMYhP4H9m1I,2018-08-25 11:48:37 UTC
M273gCQTyyU,2018-08-22 09:54:18 UTC
Gvchbkh4jQY,2018-08-20 11:47:19 UTC
jLYTHbjr_40,2018-08-16 22:59:31 UTC
drenC7XfKLU,2018-08-16 10:24:36 UTC
K5owJ0Wg7PI,2018-08-10 22:25:40 UTC
9f4oQfAyQ4k,2018-08-09 12:57:11 UTC
xrUodw3MvkY,2018-08-08 08:29:02 UTC
WcfYmYHzfgA,2018-08-04 10:45:26 UTC
iu7wJwbLkpo,2018-08-02 20:01:02 UTC
V_MXGdSBbAI,2018-08-02 19:58:32 UTC
8A7bNJCjkx8,2018-08-02 19:55:18 UTC
rYE9WB22KZo,2018-08-02 19:51:57 UTC
70ZTpF3StWQ,2018-07-31 10:25:16 UTC
GaRTSHAM0as,2018-07-31 10:20:04 UTC
MT8I0Or9PUs,2018-07-27 13:08:26 UTC
rpgWVdnoGmw,2018-07-27 12:01:07 UTC
Ef-glbQMS0s,2018-07-25 16:36:55 UTC
Kbj2Zss-5GY,2018-07-22 19:30:12 UTC
wS4ESheuHDY,2018-07-22 19:27:39 UTC
v-KX9i3EB3g,2018-07-22 19:25:31 UTC
XSWJtkPFJ9A,2018-07-11 08:47:42 UTC
krfbdCWOo-A,2018-07-07 20:31:16 UTC
7G-SvFN5C6M,2018-06-29 13:24:57 UTC
y3uhVlzuVzw,2018-06-29 13:04:38 UTC
cg_n6yChXhU,2018-06-29 13:04:07 UTC
em-pVICrnqM,2018-06-28 20:47:08 UTC
iAeYPfrXwk4,2018-06-28 14:55:13 UTC
SJfUYTfdoR4,2018-06-26 09:02:50 UTC
mIyoJ9r6KRY,2018-06-25 21:01:59 UTC
S-l79rJiDTA,2018-06-24 20:48:24 UTC
SiAuAJBZuGs,2018-06-24 14:00:06 UTC
_THBex8DItY,2018-06-21 19:46:54 UTC
2FsnVCLYcrM,2018-06-21 19:43:27 UTC
jnQZr6xRRa8,2018-06-17 22:24:30 UTC
KoL7RgT73fY,2018-06-17 21:12:04 UTC
Qp25FOn37nA,2018-06-15 18:19:15 UTC
DpebQt-Bg1M,2018-06-10 21:23:28 UTC
w5gbHSfbiK4,2018-06-06 22:08:59 UTC
wh3kU4C_HCA,2018-06-06 13:28:36 UTC
am-pLvsre20,2018-06-01 07:58:37 UTC
_MSknuijbnM,2018-05-30 22:58:45 UTC
A-pKcle2gi0,2018-05-28 22:07:12 UTC
DNqFjBRCSwg,2018-05-28 21:55:08 UTC
Id7zQyqQmFg,2018-05-23 15:48:38 UTC
3V7lU6bFyro,2018-05-22 08:31:33 UTC
LyZnRswj9G8,2018-05-15 18:47:45 UTC
OAGfx7eB3gA,2018-05-13 21:32:40 UTC
Q1qEkbBcWl4,2018-04-29 22:19:28 UTC
rgV5OX9sKao,2018-04-23 21:03:11 UTC
hC8CH0Z3L54,2018-04-10 13:26:41 UTC
BNzc6hG3yN4,2018-04-05 19:01:08 UTC
3slPQI7kxFM,2018-04-05 14:49:34 UTC
zzKLQLuaRAA,2018-03-30 20:06:16 UTC
HdVDIqcl_70,2018-03-18 21:42:14 UTC
TUaHgVIcq04,2018-03-17 12:17:15 UTC
CkydhbH5MjQ,2018-03-16 17:15:01 UTC
MM6UfuVuCUs,2018-03-09 13:44:31 UTC
OVfsWlD59cg,2018-03-06 21:16:03 UTC
xth7QznGYtw,2018-02-26 22:14:59 UTC
7Ll1eyCCz50,2018-02-25 09:35:01 UTC
dqR5oApXQYU,2018-02-22 22:58:40 UTC
l21D-zWpJpc,2018-02-22 22:41:45 UTC
-8wcwBhzirQ,2018-02-22 22:36:18 UTC
vRDQ_B8U69Q,2018-02-21 00:26:29 UTC
CA9g2XHGhPs,2018-02-15 20:20:02 UTC
ycuMyyqBWQY,2018-02-12 21:04:26 UTC
hvZJI8rerWA,2018-02-10 20:05:15 UTC
yv7zIbCcKZ4,2018-01-30 21:07:56 UTC
MJdCRi1K4a4,2018-01-28 22:26:30 UTC
FXQNZJYWuak,2018-01-28 18:34:27 UTC
lQegMA_kY9Y,2018-01-25 21:14:20 UTC
TP17faUXLtk,2018-01-21 13:06:52 UTC
Gv8O4L9TnqE,2018-01-17 22:45:45 UTC
UoUXxVZbbhc,2018-01-09 21:28:37 UTC
fDugAaJy4zM,2018-01-09 19:50:54 UTC
324DWEghhog,2018-01-03 12:41:46 UTC
A7_3IvchOhk,2017-12-30 10:55:56 UTC
HKIIgYFhQlE,2017-12-29 17:57:10 UTC
IZA7iXpuhFA,2017-12-29 17:52:15 UTC
I7_ofdl9Wfs,2017-12-29 17:46:46 UTC
GYIHrd7e-n0,2017-12-29 17:40:34 UTC
ZFy7RdZWwj8,2017-12-29 17:36:33 UTC
2eUDm2_ZSwc,2017-12-29 17:33:31 UTC
yz7Cn3pHibo,2017-12-29 17:19:01 UTC
VJJ90qpzark,2017-12-29 12:02:41 UTC
fL30bWrGrfE,2017-12-24 11:02:37 UTC
zXHUHx4R9kI,2017-12-17 14:40:58 UTC
o_E22_BtdX8,2017-12-16 17:08:41 UTC
Yw1tCJ1y34o,2017-12-12 23:27:02 UTC
tjbpktG0VPs,2017-12-12 14:29:32 UTC
mlCflbej6EM,2017-12-01 15:06:24 UTC
VWHGo7g2ZU8,2017-11-26 19:05:14 UTC
SG08LHTg0Cc,2017-11-26 12:10:25 UTC
8xhC1kNOHVM,2017-11-26 09:19:48 UTC
YcTIsgH2jXk,2017-11-18 21:51:28 UTC
oGeIaeZeG6Q,2017-11-13 23:32:10 UTC
nJVqtTOrkYk,2017-11-12 23:12:01 UTC
5wL8dTJyKLk,2017-11-07 22:25:31 UTC
2oedaIbXCKw,2017-11-06 21:37:32 UTC
4dK9R6mITIU,2017-11-05 18:35:56 UTC
ikXP1NT_eZA,2017-11-01 13:39:13 UTC
U3oKB6mjuog,2017-10-31 16:54:44 UTC
TVAUOCGVoDs,2017-10-30 23:09:43 UTC
qF0zM5MlmCw,2017-10-25 20:41:58 UTC
LZedk0zl4oo,2017-10-23 21:39:21 UTC
dB988RQnkG0,2017-10-23 20:37:31 UTC
tU6CUuamFzA,2017-10-23 20:26:15 UTC
VlBU5sVcsK8,2017-10-21 21:41:09 UTC
Ozb2r7c0hxA,2017-10-21 14:53:21 UTC
1JA4QNmpteU,2017-10-15 11:10:39 UTC
J8Km_r1e6qA,2017-10-14 22:47:32 UTC
PgeJ0XYuI2E,2017-10-13 16:55:32 UTC
4L3HH3rMIo0,2017-10-04 20:23:56 UTC
tQpKb0U800I,2017-10-03 17:50:17 UTC
bukzXzsG77o,2017-10-03 16:45:55 UTC
hkoU-mK1pCY,2017-10-01 20:54:26 UTC
HE_NhKiCZpI,2017-09-28 19:12:38 UTC
WzDVcShD8L4,2017-09-24 21:17:18 UTC
jx96Twg-Aew,2017-09-24 21:01:43 UTC
NDtFJqY19bM,2017-09-24 17:05:31 UTC
SZrvafdoySA,2017-09-24 16:15:16 UTC
2D6TSA9dvek,2017-09-24 09:56:34 UTC
kjNU-dbG3ek,2017-09-22 22:52:39 UTC
z0GKGpObgPY,2017-09-21 16:41:47 UTC
yBf8w1i8vyM,2017-09-15 17:00:52 UTC
Kzbk4SbW-vo,2017-09-14 22:47:59 UTC
0yHNUrvuroQ,2017-09-14 10:58:50 UTC
vLt7zkO40b8,2017-09-12 07:49:03 UTC
l5Na3mnQ5lM,2017-09-11 17:18:49 UTC
Xoj4QAlDvGM,2017-09-09 13:14:43 UTC
U1Aw0Ubhzfo,2017-09-05 16:20:26 UTC
tCMx_RPLCYc,2017-09-02 19:17:40 UTC
o1djGS9IHn8,2017-09-01 14:39:37 UTC
V79JFvgm6x4,2017-08-31 22:04:42 UTC
aE-EoPbgN4o,2017-08-30 22:08:21 UTC
o1vNKGDUjVE,2017-08-27 22:35:33 UTC
3J6f6ABLwP8,2017-08-27 09:29:18 UTC
u9bUd5SrkgY,2017-08-26 22:25:19 UTC
QdRRTSgZUnw,2017-08-26 15:52:07 UTC
2zQ5j3T0v0I,2017-08-26 10:27:58 UTC
La3su_Iykms,2017-08-25 12:48:21 UTC
35wBoNwKHo0,2017-08-25 10:54:32 UTC
3q-nwf-xvaA,2017-08-24 16:06:11 UTC
9eN0CIyF2ok,2017-08-24 08:08:26 UTC
OBq9EQxWtDU,2017-08-23 22:53:07 UTC
TTZjUlteldI,2017-08-23 00:55:09 UTC
_yNPnSYm87s,2017-08-21 18:07:45 UTC
XxutY7ss1v4,2017-08-17 08:54:47 UTC
adDD43CvrUc,2017-08-16 15:31:11 UTC
JpIlnaAmiCg,2017-08-15 21:03:24 UTC
Y6GsLLjpcyc,2017-08-15 19:12:21 UTC
pmcfL_qLhMo,2017-08-14 11:48:37 UTC
ZYOs_B52BPM,2017-08-08 08:57:10 UTC
AYWcC1fcMQw,2017-08-07 15:13:21 UTC
_R9w6jWYMvo,2017-08-06 21:48:27 UTC
FMW6ezkJN9Y,2017-08-06 21:19:18 UTC
IPfJnp1guPc,2017-08-05 20:06:53 UTC
wj9hDAfV38M,2017-08-05 19:07:20 UTC
tyV3kWaQ2ec,2017-08-04 08:50:07 UTC
hwlwCyQxUH8,2017-08-03 20:33:10 UTC
SLsTskih7_I,2017-08-03 18:24:53 UTC
 -FWJ5RMtrok,2017-07-04 15:36:06 UTC
hUjlqXZytn0,2017-07-04 13:39:00 UTC
TviTOuAJPhw,2017-07-03 16:54:14 UTC
7PZSOFsjJRo,2017-07-02 20:58:00 UTC
gW9kOZjsdIQ,2017-06-30 19:05:45 UTC
KvtT3UyhibQ,2017-06-22 12:05:30 UTC
252qNu6Iu3E,2017-06-21 20:22:15 UTC
nEP_YdWei0Y,2017-06-19 06:35:45 UTC
sHSCkrfNMzo,2017-06-18 13:54:02 UTC
9qzeEgmSbDc,2017-06-17 19:23:53 UTC
5T9ZjPpiroY,2017-06-17 19:18:01 UTC
0Tbn_pRG07E,2017-06-15 13:50:45 UTC
Z9U9TJ4W26k,2017-06-13 21:25:21 UTC
LqJp4byD6Cs,2017-06-11 23:04:41 UTC
5JEh0A7jwyc,2017-06-11 12:59:34 UTC
Qx61xsxSdpg,2017-06-09 08:56:10 UTC
xuCn8ux2gbs,2017-06-08 21:55:56 UTC
fZI5oZ-1NdA,2017-06-07 18:17:08 UTC
YZPsRvcsxRw,2017-05-30 15:14:36 UTC
wKlAivrWBi4,2017-05-29 14:12:31 UTC
E1iwrfgNOUU,2017-05-27 17:11:16 UTC
4B-wFx0aMlw,2017-05-24 15:49:12 UTC
DH0SmKt72Ns,2017-05-22 20:09:58 UTC
4gYmLH52iw0,2017-05-12 16:02:13 UTC
hNWz9o6CSyM,2017-05-10 16:02:44 UTC
ewGAmiLuYCw,2017-05-10 15:43:32 UTC
rz8_m3-efSc,2017-05-01 16:54:35 UTC
1UQlnT9qZvs,2017-04-29 18:36:14 UTC
0Uc-GQN4kIk,2017-04-29 17:20:48 UTC
VDZNXRAtXs0,2017-04-29 09:50:06 UTC
XdD13VrPJaM,2017-04-28 21:54:50 UTC
7nHmq1Z4JIU,2017-04-24 15:37:19 UTC
DdeXrrQY_Gs,2017-04-19 15:20:25 UTC
ucAbheo02Mw,2017-04-17 14:02:23 UTC
gWIi6Pytde8,2017-04-09 09:47:29 UTC
oQa8Rv-Vq-Y,2017-03-31 19:50:24 UTC
zn_PUDvrOuk,2017-03-27 20:05:26 UTC
yig6YP7TEI0,2017-03-26 20:53:30 UTC
XaXR47Iv5JE,2017-03-20 19:15:24 UTC
mWISiHcGoNg,2017-03-18 20:34:41 UTC
JZjAg6fK-BQ,2017-03-18 20:31:28 UTC
j1ngEIxopUU,2017-03-18 20:31:15 UTC
Qhei5QrLihs,2017-03-18 20:28:12 UTC
jAmkHypH_-A,2017-03-18 20:23:37 UTC
4is83n8xfLY,2017-03-18 20:09:49 UTC
wm86Y80Olyk,2017-03-14 18:17:38 UTC
 -Chu7LdXlew,2017-03-10 20:19:26 UTC
y9B-Rs8_bk0,2017-03-08 19:21:23 UTC
8AyaCosJC3o,2017-03-07 18:05:39 UTC
CVpdBCM6VjU,2017-03-06 20:46:58 UTC
APC3yUn77Ns,2017-03-05 10:11:03 UTC
o2KF3QRlAA0,2017-03-04 13:22:17 UTC
elPgBKL05N4,2017-02-28 17:04:12 UTC
QGSmllZDVqw,2017-02-27 22:49:33 UTC
8f5KtWTjerU,2017-02-27 08:45:46 UTC
NwC4xuVAjSM,2017-02-27 07:55:28 UTC
XKCUpQYhdac,2017-02-27 07:55:25 UTC
PxeATa7US4s,2017-02-27 07:55:20 UTC
GYv92AOLkgY,2017-02-24 18:48:41 UTC
eTjMb-_ZlR4,2017-02-24 18:40:35 UTC
t5q_8Y9Cj-k,2017-02-23 15:15:39 UTC
yuc-3m03j14,2017-02-19 13:44:30 UTC
9evlkQ24kwY,2017-02-07 09:52:29 UTC
S2MIjgEuMp8,2017-02-02 21:24:06 UTC
9JfTQiuR2p0,2017-01-20 22:03:00 UTC
9Jd1bHVYV2M,2017-01-18 15:51:07 UTC
yoTmthjZGm8,2017-01-18 15:36:55 UTC
KtxXKezbQ9w,2017-01-14 09:45:09 UTC
Rtn65crq9Ek,2017-01-12 17:49:35 UTC
PB9DFr4J64c,2017-01-02 16:17:37 UTC
WF5p6-HZLyU,2016-12-29 13:32:22 UTC
6KIJSeZn2J8,2016-12-24 18:58:09 UTC
wvUQcnfwUUM,2016-12-23 18:41:24 UTC
95QpJScedEM,2016-12-23 12:26:10 UTC
lQ2s2c53Xik,2016-12-06 14:45:29 UTC
UUTMjzLkA1o,2016-12-05 17:49:59 UTC
O2DPZepwY9Y,2016-11-30 20:25:52 UTC
4oPgiNN8kB0,2016-11-25 20:43:46 UTC
V68UD6-9Its,2016-11-25 20:43:22 UTC
TQcHLgn7OQc,2016-11-25 19:50:04 UTC
K44j-sb1SRY,2016-11-25 19:49:58 UTC
6I7sWAcSVgA,2016-11-25 17:40:59 UTC
kYlRUFbQlY8,2016-11-24 15:22:03 UTC
R7WhQv77PW8,2016-11-19 23:13:52 UTC
TmNo4k0WTFY,2016-11-18 13:13:21 UTC
2pOuR4rVFv0,2016-11-16 22:19:34 UTC
9RSKTLgAntw,2016-11-16 18:28:10 UTC
Bm3NV3gGB2w,2016-11-14 18:00:18 UTC
tZitJmPGdr0,2016-11-10 22:07:10 UTC
3kT97SeyAB4,2016-11-08 15:25:38 UTC
UNsmQJ3H8BY,2016-11-07 22:41:36 UTC
gdtW8M3EMDY,2016-11-04 20:21:13 UTC
0q2X3yVwGMk,2016-11-01 21:13:12 UTC
guV_M6fdGiA,2016-11-01 20:32:12 UTC
M6t47RI4bns,2016-10-28 16:39:56 UTC
Pb6hhByGRpw,2016-10-09 13:11:13 UTC
MV5Ux3mO0Rk,2016-10-06 14:44:45 UTC
FtRf-Tt3OV0,2016-09-26 20:50:57 UTC
iBLmTVc01R8,2016-09-19 06:59:30 UTC
Q1o5mEXtjt8,2016-09-18 22:34:37 UTC
n1C6596Z86M,2016-09-17 17:22:59 UTC
cLl1eu537Xo,2016-09-17 15:47:40 UTC
wuonYRwQPVo,2016-09-15 13:24:07 UTC
e0GEdDXZxrs,2016-09-14 16:34:36 UTC
PNVUZE7QHA8,2016-09-13 22:02:09 UTC
YCTQTLlrQFk,2016-09-13 21:32:20 UTC
AJ7fahM5sBQ,2016-09-13 20:24:24 UTC
m4XahX7cuU8,2016-09-13 15:22:41 UTC
Ee92EXpP2j0,2016-09-13 12:50:10 UTC
5ZIgmpPFtcE,2016-09-13 12:01:51 UTC
ZHdx7Jo-7PM,2016-09-12 19:54:32 UTC
uGkfuZbce3I,2016-09-12 19:51:35 UTC
VI0bPZutyaM,2016-09-12 19:04:28 UTC
nA-PCDKKQjU,2016-09-11 12:34:31 UTC
vEGv6RhiCMQ,2016-09-09 14:38:43 UTC
8g4RCmwm-MA,2016-09-08 19:09:32 UTC
ksjUeHIxbgI,2016-09-08 15:20:09 UTC
I1lodoQKVB0,2016-09-08 14:33:53 UTC
LvA2nELYRiY,2016-09-08 14:31:27 UTC
_vgj_RXAE4k,2016-09-07 21:43:34 UTC
LB-58zequ4k,2016-09-07 19:49:43 UTC
cH-1fOPEIhU,2016-09-05 20:33:20 UTC
X2C4Wc3Q8eo,2016-09-04 21:20:16 UTC
KBlIqUv9k4s,2016-09-04 20:00:11 UTC
_0Sl-58-zP8,2016-09-04 19:19:50 UTC
bkpp3FVzW48,2016-09-04 18:59:48 UTC
DuCQXfqwfos,2016-09-03 23:50:44 UTC
MStyo2sdIk0,2016-09-03 09:24:42 UTC
Y_JQhlTiLcc,2016-09-02 10:33:14 UTC
piu6_cXHi4I,2016-08-31 20:01:16 UTC
EOqSLAncBgs,2016-08-30 14:11:42 UTC
N5gckDDmFFo,2016-08-27 23:33:36 UTC
BooRkwsenpw,2016-08-26 09:50:14 UTC
ebFRvaoqLDk,2016-08-21 16:11:18 UTC
EvXoDIo9jW0,2016-08-19 19:26:34 UTC
sITY_29ugBM,2016-08-17 23:07:47 UTC
eDhgUM8UmeQ,2016-08-17 18:39:08 UTC
yqfPCmuTcM0,2016-08-16 08:57:26 UTC
NpUG-MqEpSg,2016-08-11 14:10:16 UTC
E1VurQV4gPI,2016-08-09 13:56:04 UTC
vuGDs6wPAVQ,2016-08-09 13:53:15 UTC
OUUQKtiE0x4,2016-08-09 13:18:45 UTC
sJw_lRav6pE,2016-08-08 20:36:25 UTC
QWveXdj6oZU,2016-08-07 22:47:21 UTC
BZ0jMJ4jEYE,2016-08-02 23:48:23 UTC
whgIN5Q9xd4,2016-08-02 12:52:25 UTC
6kDC3yfR9cg,2016-08-02 12:07:40 UTC
OXf8P8FLz9c,2016-08-02 12:00:29 UTC
p1f9i5UP8bA,2016-08-02 08:38:42 UTC
ntHMsyr3R6w,2016-07-30 22:08:52 UTC
7RXqbehLfzI,2016-07-30 17:52:19 UTC
JUUN7ta369o,2016-07-28 19:48:10 UTC
iCdwe_5YwXw,2016-07-24 13:54:09 UTC
Aom0F_MsFoY,2016-07-20 20:08:19 UTC
_8fU2QG-lV0,2016-07-17 21:48:21 UTC
9sV93R9IXgI,2016-07-16 23:53:27 UTC
oyCKNAxSEN4,2016-07-01 22:45:07 UTC
5muZLlDJKt0,2016-07-01 21:13:10 UTC
PMtGca_7leM,2016-06-30 10:45:26 UTC
DY-4KibEnqQ,2016-06-28 18:44:22 UTC
yvHYWD29ZNY,2016-06-28 16:42:07 UTC
-8OQvI5l8Qs,2016-06-27 12:41:29 UTC
mp489f8LjoU,2016-06-26 17:10:21 UTC
LlU4FuIJT2k,2016-06-24 21:11:01 UTC
vKVFd_aibO0,2016-06-23 13:24:17 UTC
l9UEWSwd3pI,2016-06-22 19:38:13 UTC
dtCyepuLt8Q,2016-06-22 14:55:41 UTC
0BTc8pFRiNY,2016-06-20 22:23:57 UTC
z2BmpDofB3g,2016-06-19 22:17:14 UTC
kGZQopQTkfA,2016-06-18 23:13:14 UTC
PSEpizxErhc,2016-06-18 12:46:48 UTC
gMFhGT87TOg,2016-06-17 21:04:55 UTC
wKRln_Xxa1Q,2016-06-17 09:13:56 UTC
bEOvuuWxtng,2016-06-17 08:51:38 UTC
6FvjUQQOoL0,2016-06-16 20:51:26 UTC
Kln-DmN183A,2016-06-16 20:45:09 UTC
3LujNDHqLd4,2016-06-16 20:36:52 UTC
48E0H-WBuBY,2016-06-16 19:20:47 UTC
GFqHiMkVvxo,2016-06-16 18:58:48 UTC
AjmKj0Nmyhs,2016-06-15 21:39:59 UTC
j08hMAE7BWk,2016-06-15 14:45:29 UTC
0jDHkQ2CvbU,2016-06-13 21:00:04 UTC
fb8uH6oKSIo,2016-06-13 19:53:15 UTC
3xTUmXVhkvA,2016-06-13 19:52:36 UTC
82CEDAEAA6o,2016-06-13 19:11:11 UTC
V0fMwvMelmA,2016-06-13 17:06:58 UTC
tm6AFEbkW1Q,2016-06-12 12:09:10 UTC
m7KdLt8mK2U,2016-06-12 10:52:40 UTC
UrCY1Nufr-s,2016-06-12 10:43:49 UTC
0j_1ERzMowU,2016-06-12 10:08:01 UTC
JQaiUnHPa-g,2016-06-12 09:47:55 UTC
yWIZpZdpTUw,2016-06-11 18:54:02 UTC
b5X3uRlmaes,2016-06-11 10:11:09 UTC
fpjDG4feZfU,2016-06-11 00:21:43 UTC
gGjGtLlD5AU,2016-06-10 23:44:19 UTC
UI_oTgh6SnE,2016-06-10 22:11:36 UTC
sseUvxEGS-0,2016-06-08 21:37:13 UTC
FzSV16rX2O0,2016-06-08 20:48:46 UTC
kD2Mhw6Xsis,2016-06-08 20:48:17 UTC
kXP2E-A5Z0g,2016-06-07 22:28:06 UTC
rJb_00CCfGU,2016-06-07 08:06:39 UTC
sHOJHzhCfqk,2016-06-06 20:35:37 UTC
T5s-t1SxpQQ,2016-06-05 20:10:37 UTC
H8H5tNVE_sY,2016-06-04 22:15:09 UTC
7uKcrrc2weI,2016-06-04 20:10:06 UTC
Z9z008DtgCc,2016-06-04 20:09:16 UTC
xze86Z8GDIg,2016-06-03 13:15:58 UTC
jpI80PdXhbs,2016-06-02 20:56:35 UTC
QNkW7kIJ18A,2016-06-02 14:09:12 UTC
2wUTFaHkWlk,2016-05-31 22:44:52 UTC
bxatKNdEw8w,2016-05-31 21:25:29 UTC
QTjDPWMo-lU,2016-05-31 21:21:38 UTC
tdat-47xwbQ,2016-05-31 20:54:31 UTC
63dr-hqEvv8,2016-05-31 17:14:16 UTC
QU7gKYGMOm0,2016-05-31 17:08:06 UTC
1YhTdxkPoBs,2016-05-31 16:03:55 UTC
DM6l3dd0mDE,2016-05-30 19:36:43 UTC
q6TNODqcHWA,2016-05-30 19:17:39 UTC
8E4WrtMuPWo,2016-05-30 16:18:25 UTC
9dp8wImzUlg,2016-05-30 07:06:49 UTC
l9XqaH84trE,2016-05-29 15:56:14 UTC
frgUQyc-toM,2016-05-29 07:58:50 UTC
NcUqJ87m5ow,2016-05-27 13:05:53 UTC
4w_Vc_7irhM,2016-05-25 17:53:56 UTC
saU3_xJJrCg,2016-05-24 13:44:48 UTC
jf2NRvLF6cE,2016-05-21 16:19:06 UTC
85Gmr9FCuVA,2016-05-20 20:31:51 UTC
0NcOheKM2G8,2016-05-19 20:47:48 UTC
vA7z-b2vhtY,2016-05-19 20:31:21 UTC
YtS6_Jyvrm4,2016-05-19 20:27:14 UTC
wM7gdYdGi88,2016-05-19 15:51:34 UTC
LH1rxvTDu0c,2016-05-16 17:59:52 UTC
nVQK1CwozjY,2016-05-14 23:01:55 UTC
JrON0Y2LwV8,2016-05-13 20:15:02 UTC
KDtYDVE1dHU,2016-05-12 12:03:10 UTC
_16UMu-jmYM,2016-05-11 20:08:41 UTC
xFYgbsge_o4,2016-05-09 15:25:38 UTC
vJMAADMw3AM,2016-05-07 17:04:57 UTC
GRHWK4ZFPhc,2016-05-04 21:58:34 UTC
w0GGdlF4ykk,2016-05-04 16:19:45 UTC
bL9de3wEMg8,2016-05-02 22:18:27 UTC
yGtza5cGgK0,2016-05-02 22:17:35 UTC
6AKPp0tZhjY,2016-05-02 00:32:48 UTC
0-v3NtODgi0,2016-05-01 23:26:16 UTC
iqcjpwAHsTQ,2016-04-30 20:42:12 UTC
Zewj_OUlsYw,2016-04-30 01:15:44 UTC
inleO2iVPJ4,2016-04-25 21:25:20 UTC
MqM_aPEWx1c,2016-04-25 12:02:07 UTC
gfKRRY9XgkU,2016-04-22 13:08:41 UTC
mXp9JsKy-1o,2016-04-20 19:44:38 UTC
6j-mJqNqsu8,2016-04-20 10:39:29 UTC
OYfQSpWxUH0,2016-04-19 21:02:20 UTC
q8RUrvAnGRk,2016-04-16 10:33:19 UTC
nk3pDBapuzY,2016-04-15 19:43:40 UTC
EiYSzDysuvk,2016-04-14 21:47:31 UTC
vytJbTcHzKs,2016-04-14 19:37:45 UTC
K1VGIWKWXqk,2016-04-12 21:18:25 UTC
_jZXbhe6-rg,2016-04-12 21:12:19 UTC
ebFPyi0O1yw,2016-04-10 14:15:04 UTC
8nMmC3YvR6M,2016-04-06 11:29:57 UTC
r-4lbFxidG8,2016-04-02 11:51:04 UTC
fxrE76w7E5I,2016-03-30 21:37:05 UTC
IUH8EXBpsaI,2016-03-29 22:12:04 UTC
nDBD-T6SakU,2016-03-28 22:21:22 UTC
f0EQlIzPowM,2016-03-27 18:53:49 UTC
1s9JGbyvfHY,2016-03-27 11:14:57 UTC
PidsDnyP7xo,2016-03-26 21:03:07 UTC
UgvgjhfuuaM,2016-03-26 10:39:03 UTC
YdPvdEOW8tc,2016-03-26 10:24:38 UTC
 -lDQc1mGAvY,2016-03-26 09:36:15 UTC
xA9I2PTtqs8,2016-03-26 08:39:59 UTC
rpd1j0at1dI,2016-03-25 16:30:06 UTC
5nUoVqlF09Q,2016-03-24 22:59:06 UTC
UqVAfuq48tY,2016-03-24 13:55:06 UTC
DqO90q0WZ0M,2016-03-23 15:41:29 UTC
XTWLDJmhtz0,2016-03-23 15:29:40 UTC
Oemdt1Nb2E0,2016-03-22 22:14:31 UTC
P_XEjBtJWDY,2016-03-22 12:14:37 UTC
8SpMYdAzB4k,2016-03-21 22:35:26 UTC
gpUhkMrGYQI,2016-03-21 19:55:34 UTC
nlhAJBDu4Rc,2016-03-21 15:17:28 UTC
9m-kjmxsZms,2016-03-20 22:44:30 UTC
jqxORKi6NPw,2016-03-19 18:10:53 UTC
17zK5lTfxho,2016-03-19 00:21:00 UTC
IDvSHsDE09c,2016-03-17 05:30:00 UTC
VSwi3rTbaPQ,2016-03-16 22:39:16 UTC
3zE3E0xPqk0,2016-03-16 19:55:10 UTC
fT1u7oNqZ-Y,2016-03-15 23:20:08 UTC
_OEnE6WkMi0,2016-03-15 15:06:48 UTC
gI8uUsvSyH0,2016-03-15 15:02:05 UTC
LuLt2xEhAMU,2016-03-14 23:12:36 UTC
Pm9A4jRsrNs,2016-03-14 21:52:43 UTC
KXv91hg8fs8,2016-03-14 20:59:52 UTC
zsjZ2r9Ygzw,2016-03-14 07:36:04 UTC
9LCy7a_rnSA,2016-03-13 01:43:27 UTC
tcurUYIgGQg,2016-03-13 00:53:51 UTC
2Hj39Si8jgY,2016-03-11 12:21:49 UTC
HtVSz9CUeDI,2016-03-11 12:12:26 UTC
wOhj0TuTZYs,2016-03-09 22:31:30 UTC
EQAwhiAweNw,2016-03-09 22:27:03 UTC
1Wpu8eZ5STU,2016-03-07 22:51:05 UTC
nOqYL3kubG4,2016-03-07 20:32:43 UTC
4gfkNK7wsvk,2016-03-07 06:53:46 UTC
5DbAj0V5SI4,2016-03-06 22:37:59 UTC
5EJw7bmGcr4,2016-03-06 21:18:34 UTC
ngsMYEJ_grc,2016-03-06 19:35:06 UTC
9I9Q4qM9NCk,2016-03-05 00:15:31 UTC
GI7lkJ5cs74,2016-03-03 14:19:19 UTC
b_XJgFCI9nU,2016-03-02 17:08:19 UTC
UzkFULIpaBs,2016-03-01 22:46:13 UTC
tsssEFO7e8M,2016-03-01 21:30:31 UTC
VcmK4Hm0v9I,2016-03-01 20:54:01 UTC
_PMb8bfAXtE,2016-03-01 19:05:37 UTC
zuB-eVg1Kh4,2016-03-01 17:05:13 UTC
uVtQXLKc5Q4,2016-03-01 14:19:11 UTC
1GaSokEPblg,2016-02-29 21:20:25 UTC
1fbWIHnAkPw,2016-02-28 23:38:27 UTC
rh3Ybo-ayAo,2016-02-28 23:28:34 UTC
_XDKWWRF_iY,2016-02-28 21:52:58 UTC
J4Xe6q9o2_k,2016-02-28 21:46:25 UTC
vjXNvLDkDTA,2016-02-28 21:10:45 UTC
ugjeV37LZEI,2016-02-28 20:49:16 UTC
jh9CEF-AeBs,2016-02-27 19:53:28 UTC
Mde1j-j-GUs,2016-02-27 19:42:43 UTC
NFd2ui5prfM,2016-02-25 22:13:30 UTC
xptAc9cCwaU,2016-02-25 20:02:16 UTC
17-WYMKaHb8,2016-02-24 23:44:50 UTC
hneHWGXutA4,2016-02-24 23:42:07 UTC
3Xeag0vd7s0,2016-02-24 23:26:09 UTC
C2L-rrQ6brc,2016-02-24 12:22:57 UTC
v1Zju9dbP5M,2016-02-24 12:12:04 UTC
54nnfEo_d5s,2016-02-24 11:05:51 UTC
8kiuURIIrI0,2016-02-23 22:58:09 UTC
CX0vT91MgeE,2016-02-23 22:54:53 UTC
0ao8aDMGhcg,2016-02-23 22:37:14 UTC
 -Wx1k-osEmc,2016-02-23 22:32:17 UTC
nb0ssFOUnO8,2016-02-23 21:07:06 UTC
YHTpGgaXHOg,2016-02-23 20:50:31 UTC
bb8yawACyMk,2016-02-23 20:46:52 UTC
l1viYnSUds0,2016-02-23 20:46:29 UTC
FR9Jl4so-S8,2016-02-23 20:44:20 UTC
DJajLlnnwuU,2016-02-23 19:34:35 UTC
Dqs5DLgNw4g,2016-02-23 19:31:27 UTC
HxY1QupvJO0,2016-02-23 19:00:05 UTC
sF2tCY281Rk,2016-02-23 16:53:14 UTC
LtRzuPgMu4c,2016-02-22 22:23:38 UTC
4zb0tELr6Ic,2016-02-21 23:56:00 UTC
D4iTPXuPvj4,2016-02-21 23:39:08 UTC
PF20mRKhAz8,2016-02-21 23:35:24 UTC
uGhMYWHCylk,2016-02-21 12:42:38 UTC
xgXK8q6QGZo,2016-02-21 00:27:20 UTC
f3--gf32b94,2016-02-21 00:23:38 UTC
QO36MMmoscI,2016-02-20 22:43:38 UTC
ommH7eDdoKE,2016-02-20 22:27:35 UTC
OQF7bNaZdbg,2016-02-20 19:29:03 UTC
ZHpmUrjmDfA,2016-02-20 13:48:25 UTC
rJAYrqhLzyA,2016-02-19 17:06:12 UTC
Ho6BpJyqWvM,2016-02-19 16:22:24 UTC
w2ugn8wyFlc,2016-02-19 01:05:31 UTC
_WSV8Y-MFFg,2016-02-19 00:54:29 UTC
NpM-t9leE4A,2016-02-18 22:24:05 UTC
euoAC2rtNFw,2016-02-17 01:37:24 UTC
583fuy3EtfQ,2016-02-15 16:12:47 UTC
F_rCQEtlCtU,2016-02-15 10:56:52 UTC
UNZqzAqvOKI,2016-02-15 00:25:16 UTC
qQHTNFhzpiI,2016-02-15 00:20:04 UTC
TcgQ9NCcTpA,2016-02-14 21:52:23 UTC
IjduQsrzwzo,2016-02-14 14:30:44 UTC
s-RdCBAS81I,2016-02-13 21:28:42 UTC
2jU1-mtvgdY,2016-02-12 23:17:52 UTC
CbcWjigm6Y8,2016-02-11 23:29:38 UTC
xmSOoCv3ju0,2016-02-11 22:02:31 UTC
Pcyy3jZ9XkA,2016-02-11 21:32:00 UTC
2QOx7vmjV2E,2016-02-10 13:25:47 UTC
J0RNHy_nAg4,2016-02-10 12:17:42 UTC
vbmsF_i0XmM,2016-02-08 23:49:32 UTC
kPF31GMvx1A,2016-02-08 23:36:31 UTC
ay6aPAGNvzo,2016-02-08 19:11:33 UTC
hOU1ZXXor7s,2016-02-08 11:15:31 UTC
_j-Xx6eBMPA,2016-02-07 14:11:08 UTC
ufTwMQFAnNk,2016-02-05 23:56:24 UTC
HiIgz0Mu41Y,2016-02-03 21:50:14 UTC
vOfYCotNxPM,2016-02-02 12:01:48 UTC
S7arapVW81I,2016-02-01 23:32:16 UTC
4PJbeO1NzZ4,2016-02-01 22:29:13 UTC
LjU2RUBhERU,2016-02-01 22:18:52 UTC
c7S8E339Ef0,2016-02-01 21:44:26 UTC
Y2Pz42GKGHM,2016-01-31 21:31:15 UTC
XSEeE9WkA3E,2016-01-31 09:33:13 UTC
dELZAX-I7FU,2016-01-19 15:07:55 UTC
Ae1fqr5M-dM,2016-01-18 00:17:50 UTC
e8Z9G55ieHw,2016-01-17 23:44:53 UTC
jwu1dus3tPw,2016-01-17 22:48:26 UTC
ryxmwDVGOu0,2016-01-15 14:00:29 UTC
8hIgJTyvGBM,2016-01-15 05:06:34 UTC
aJrXYVf_rxY,2016-01-13 22:52:31 UTC
NSp2_b_gmH4,2016-01-12 23:11:36 UTC
CZTSFbgG6TM,2016-01-11 22:55:37 UTC
skkRjmP4WJ8,2016-01-11 20:43:48 UTC
a-C8iTyfJJw,2016-01-11 20:19:02 UTC
9N4gKX93PJU,2016-01-11 20:05:16 UTC
jqBxsLSrd-Y,2016-01-10 22:58:17 UTC
dHY2-1Pca6Q,2016-01-10 22:38:51 UTC
u4vqmy-cw60,2016-01-07 21:56:44 UTC
7gsQxtilH2o,2016-01-06 22:16:15 UTC
ei8XRCt1sWk,2016-01-06 22:06:22 UTC
of2MzUOwi1M,2016-01-06 21:50:16 UTC
4WyahP0DrXE,2016-01-05 22:43:19 UTC
0mcWuN8JKU8,2016-01-05 17:15:37 UTC
vDQuFkpwPV0,2016-01-05 13:35:45 UTC
Thfq3ztuUCs,2016-01-05 13:31:53 UTC
rFMYUL6TxF0,2016-01-03 23:15:08 UTC
OLYeAnZ2goU,2016-01-03 23:14:27 UTC
zysrVifi9ls,2016-01-03 16:39:43 UTC
_ABTbXU-SWY,2016-01-03 01:50:21 UTC
sSJ5PgUx0Zg,2016-01-01 15:42:25 UTC
Oji9sBvdU7o,2016-01-01 12:16:45 UTC
LVsiMBp4m7c,2016-01-01 05:35:55 UTC
ENcvLySoqdg,2015-12-31 17:24:28 UTC
1zfN0ORVvSU,2015-12-31 11:02:19 UTC
9fC5_sSSKZI,2015-12-31 02:08:49 UTC
FL0YwYF9aXk,2015-12-30 12:15:42 UTC
5oykbxb-CNc,2015-12-29 23:56:33 UTC
eaeJgsiYONw,2015-12-29 23:52:29 UTC
kZvpftoIn0s,2015-12-29 02:11:22 UTC
40WOjbj616o,2015-12-28 00:28:15 UTC
92EC0jWKGkY,2015-12-26 10:00:02 UTC
v_xvLTei3fc,2015-12-25 00:02:23 UTC
Zh3mUmpFMDI,2015-12-21 22:00:28 UTC
2jzw0bw4aCk,2015-12-20 21:03:20 UTC
GWupLPezHS0,2015-12-12 11:03:51 UTC
kDd3ESUyy3Y,2015-12-11 20:07:06 UTC
HciSWc56CIg,2015-12-10 18:32:18 UTC
WiSiiIBnuUs,2015-12-08 22:34:36 UTC
XB3t4p_YHnc,2015-12-08 21:08:25 UTC
9cppFF6Fw7Y,2015-12-08 12:20:02 UTC
0zXvje5cdN4,2015-12-07 22:56:39 UTC
Nza4PsEb3ag,2015-12-06 12:58:55 UTC
5VLdw5GhHJE,2015-12-05 23:20:51 UTC
KDd2_CxSF0k,2015-12-05 22:19:13 UTC
76jfak44Jxc,2015-12-04 16:45:48 UTC
t1MbfxmVF6s,2015-12-04 15:58:56 UTC
tQhkV7djbfg,2015-12-04 12:28:28 UTC
Uztqz_RpLio,2015-12-03 19:55:09 UTC
OrMI6d25wYQ,2015-12-03 17:04:54 UTC
FfIO5qr1pxM,2015-12-03 17:03:57 UTC
1iP7cLXA64Q,2015-12-03 17:03:55 UTC
nsm30-w3u1g,2015-12-03 16:58:36 UTC
3dvGF6GExUI,2015-12-02 22:29:33 UTC
__I_8lpM0z8,2015-12-02 21:23:00 UTC
ukPx6LMnkyk,2015-12-02 21:16:26 UTC
9akMEzMWAgs,2015-12-01 16:22:22 UTC
AnBq09pQpcc,2015-11-30 22:07:24 UTC
od-csvVfeaQ,2015-11-30 19:56:59 UTC
r5uwrZAQlL0,2015-11-29 23:02:21 UTC
enQZG7GCtac,2015-11-29 22:26:15 UTC
A-RQ3IFFiFU,2015-11-26 22:46:40 UTC
8acOSjd2mhg,2015-11-25 18:10:48 UTC
k9cKZiJw6Pk,2015-11-25 12:28:31 UTC
d4qYTS1ccz8,2015-11-24 20:08:46 UTC
KO25JYAaJC0,2015-11-18 11:48:22 UTC
a84gbA5sJlU,2015-11-14 13:10:18 UTC
Uvw8utKgM20,2015-11-10 20:00:04 UTC
UKUTh_DRNQA,2015-11-09 18:06:33 UTC
rOfKbAhufI0,2015-10-29 09:26:27 UTC
lvD7odc2o10,2015-10-28 13:27:40 UTC
plC1-Z34cNE,2015-10-09 14:07:27 UTC
WGNGXXM_PvU,2015-09-25 17:15:49 UTC
2PiO6Pwmmzc,2015-08-29 17:41:06 UTC
cm3XuaQ25GQ,2015-08-29 17:38:36 UTC
WBMEl6Nlq0E,2015-08-25 16:05:39 UTC
KE7PUwh0-FE,2015-08-24 18:44:12 UTC
HHoJSgq6mqc,2015-08-23 13:28:48 UTC
etg1eAZBr7M,2015-08-22 14:00:12 UTC
HtkedATt6cY,2015-08-17 21:55:49 UTC
sGFcpEKivf8,2015-08-16 19:19:49 UTC
dSKemJSAJGQ,2015-08-16 16:21:12 UTC
XlxzeG7TfVo,2015-08-14 22:04:11 UTC
QimKQq2u15M,2015-08-03 07:37:59 UTC
CcR3bGqUUK0,2015-07-26 21:44:56 UTC
Guj01FhE3PM,2015-07-20 22:12:35 UTC
Qtg2uS9Xvrc,2015-07-19 20:28:45 UTC
bkRxQ9CEAQc,2015-07-16 08:53:43 UTC
fQf7MCkVILs,2015-07-03 09:11:38 UTC
tQctchHgRqI,2015-06-29 12:03:47 UTC
_nMRNt_MB-0,2015-06-28 23:51:33 UTC
nRAIkPjT3Nc,2015-06-19 14:28:58 UTC
lvsFBR_TzoQ,2015-06-19 14:28:35 UTC
5Cfxj9k6NOg,2015-06-19 13:32:13 UTC
yDv1LPz3XrQ,2015-06-17 19:07:46 UTC
mebjEC-I6t0,2015-06-17 19:06:54 UTC
sid_tR5MJ1U,2015-06-17 19:00:39 UTC
Kx-6hHvj50Q,2015-06-17 18:25:16 UTC
SMTwpXZXrs4,2015-06-17 16:40:51 UTC
tg_PXT6FT5I,2015-06-16 19:47:24 UTC
 -ETL6aV0NwI,2015-05-29 08:34:38 UTC
jT7S3ua2mFM,2015-05-28 08:25:00 UTC
Hk793pl8Fuc,2015-05-26 20:02:11 UTC
_QDUx1E14XU,2015-05-25 14:39:54 UTC
f9xbLEbeTKQ,2015-05-18 08:51:29 UTC
hrsuy1Dz17s,2015-05-18 08:50:32 UTC
gka82Ixdzk4,2015-05-12 15:32:50 UTC
WC5yQSw7K8g,2015-05-10 13:15:28 UTC
ThlQjBkf1z8,2015-05-04 20:48:12 UTC
IHiw0n5qypc,2015-05-02 20:19:33 UTC
n2ZwUCWokfI,2015-04-30 08:41:58 UTC
eZNv8coD-6A,2015-04-25 22:59:10 UTC
Iz4cw9Jp0Iw,2015-04-22 20:55:24 UTC
_guFZJ-SccA,2015-04-19 20:53:48 UTC
aG_Wm9dhI1Y,2015-04-13 11:08:37 UTC
b50DA9Pj3_4,2015-04-10 21:01:03 UTC
yTDTtwGxqgI,2015-04-10 20:28:01 UTC
iiLOsajHn-E,2015-04-08 19:41:56 UTC
VLTkURVPZ6g,2015-04-04 23:57:13 UTC
oom7-W2FmAY,2015-04-01 20:07:11 UTC
0fX1N-3AkcQ,2015-03-31 21:25:35 UTC
YTGLLkdAH28,2015-03-29 21:15:46 UTC
hGvwi6z67R4,2015-03-29 09:55:23 UTC
IwM3C9GcGaY,2015-03-22 21:30:07 UTC
trlMkNWIPpo,2015-03-22 18:57:49 UTC
Cfm6UlLdzMY,2015-03-22 18:56:11 UTC
lwyuWPFK8wI,2015-03-21 15:51:36 UTC
A7umNRz7gYc,2015-03-18 23:32:06 UTC
rYz_vYkvSKw,2015-03-16 20:10:06 UTC
qHOcThB28Qc,2015-03-15 15:08:48 UTC
hUbTjJqft-Y,2015-03-15 15:06:22 UTC
PDro9gzMnL8,2015-03-15 08:54:31 UTC
bV0uI2FANmE,2015-03-14 23:16:15 UTC
VX8qtDfsqGM,2015-03-04 20:22:08 UTC
lEe8nam2vlc,2015-03-02 22:36:05 UTC
XJhdwJvU1AQ,2015-02-26 01:05:15 UTC
zdBgEt6NbW0,2015-02-22 13:31:02 UTC
CwBvziKevTA,2015-02-22 00:06:48 UTC
ULpSps4GYPw,2015-02-17 13:45:20 UTC
6DRwOvalo74,2015-02-13 21:48:08 UTC
b9JElNHMWEk,2015-02-12 20:58:57 UTC
SbInlXwN2IM,2015-02-06 22:03:56 UTC
fmQ2jdiDHVQ,2015-02-05 21:04:26 UTC
FaQj9uwFGAs,2015-02-03 21:19:09 UTC
Rfhiy06TRIM,2015-02-02 21:53:30 UTC
pl4nkzKPfgQ,2015-02-02 19:13:23 UTC
p_UCI9pSBqY,2015-02-01 16:38:37 UTC
kzz4xhfL94A,2015-01-31 23:29:53 UTC
tmxP749LYYQ,2015-01-31 00:09:04 UTC
M_KBxlSapIM,2015-01-29 21:38:41 UTC
7ancPkd_p1Q,2015-01-28 22:35:23 UTC
i9mCLFYYVjo,2015-01-28 12:52:08 UTC
eokxVD9Ucfk,2015-01-27 21:09:23 UTC
LJYxqY9_Un0,2015-01-27 21:04:33 UTC
TPhiP927SJY,2015-01-27 21:04:30 UTC
_xrkMPXPhEs,2015-01-27 11:02:11 UTC
US6DorLvNuY,2015-01-23 21:34:26 UTC
YnwVHcg25MU,2015-01-22 21:46:28 UTC
3zrPfxv7Wec,2015-01-19 21:59:52 UTC
MpaQZT13m24,2015-01-19 20:56:42 UTC
CSGIT0AIz2I,2015-01-19 19:30:06 UTC
C13l3OOPQlc,2015-01-18 19:57:35 UTC
0AZP7JLb92g,2015-01-18 19:55:54 UTC
J7IQC-VEQw4,2015-01-18 10:52:31 UTC
Uah7eWUiQZs,2015-01-17 17:54:51 UTC
YvoXHmK4hw4,2015-01-16 23:29:25 UTC
jXe_59-0Kww,2015-01-16 20:33:16 UTC
hWfE5KmK-Hs,2015-01-16 20:33:04 UTC
_w1Df89Nhfo,2015-01-16 20:32:52 UTC
RUupJSvkS4E,2015-01-15 11:49:45 UTC
uvGxPC6Po3k,2015-01-15 11:48:02 UTC
nVgscLQ7zsg,2015-01-15 11:25:42 UTC
7w_gSvATP9A,2015-01-15 08:42:46 UTC
v0kVEiHogEQ,2015-01-14 18:17:22 UTC
Tz4KNvqh9cg,2015-01-11 22:30:37 UTC
geCZyQAm7xo,2015-01-11 08:41:12 UTC
md5V3I83naw,2015-01-11 08:40:37 UTC
IVE_12OKqO0,2015-01-11 08:40:06 UTC
70AmCnh0iWs,2015-01-07 22:54:50 UTC
l0L9llCT_u8,2014-12-30 14:31:04 UTC
ctWJeWhApZE,2014-12-30 10:27:50 UTC
_7YFaw2NJgU,2014-12-30 03:01:10 UTC
t3e_sOJxjzk,2014-12-30 02:48:48 UTC
ysJ7mTBiwvQ,2014-12-30 02:37:43 UTC
sVXNN5h4tTU,2014-12-30 02:31:21 UTC
J5Bkn8rIy3s,2014-12-27 03:30:38 UTC
xGKzEgxmqdI,2014-12-24 23:12:35 UTC
eIsZAV5_sZI,2014-12-21 22:35:37 UTC
2f3_vCJf4Tg,2014-12-21 21:54:17 UTC
2w-Vi9b-Zqw,2014-12-21 20:39:50 UTC
cW_OhTBOsSY,2014-12-21 20:39:34 UTC
ZuqVLkJHQb4,2014-12-21 20:39:26 UTC
AhiJ4m9zs68,2014-12-21 20:39:17 UTC
bSzqH_2X5ss,2014-12-19 20:06:58 UTC
T_xXkF5tqs8,2014-12-18 21:54:56 UTC
rdFplXRNMAA,2014-12-18 18:18:34 UTC
hx8nifx8m9Y,2014-12-18 15:05:48 UTC
O5YCcyIRXog,2014-12-17 08:06:08 UTC
6LcTbYiDPuU,2014-12-15 21:27:57 UTC
59YNCoowUWU,2014-12-11 19:31:03 UTC
OUdhWd8x9bg,2014-12-09 22:03:13 UTC
XaeQ_Mk2shA,2014-12-02 14:44:34 UTC
3ByVfE3DTWA,2014-12-02 14:35:15 UTC
EN0iUJ0j6h4,2014-11-29 15:47:52 UTC
5QMYJHzw1-E,2014-11-24 15:59:58 UTC
YG-vC3i0_Dw,2014-11-23 11:59:47 UTC
FTO1LYoLjRw,2014-11-17 16:32:20 UTC
aV8_BtV6nfA,2014-11-17 15:56:14 UTC
EX7iqALDwnY,2014-11-17 15:55:11 UTC
eEL2VhuyhWQ,2014-11-12 18:24:24 UTC
fMwKCCy29eY,2014-11-10 19:11:18 UTC
_SB8045-s4g,2014-11-10 15:53:24 UTC
roRLo9JwztI,2014-11-08 21:42:00 UTC
r2NhH_bWs9c,2014-11-08 21:41:43 UTC
TmI94h-H-5c,2014-11-08 16:44:51 UTC
395Jmr8VEJc,2014-11-02 13:53:45 UTC
2DL5R2_QHsE,2014-11-02 12:56:47 UTC
z3KyARzQoyE,2014-11-01 15:41:07 UTC
NAsHLKaG3yg,2014-11-01 11:25:23 UTC
mbNJVzrbRHI,2014-10-31 15:41:59 UTC
SZyqp30kbDw,2014-10-25 12:11:11 UTC
kJ0Fx0V2mSE,2014-10-25 12:10:45 UTC
j1jH-cbWPPg,2014-10-25 12:10:20 UTC
psVvIIfmOtI,2014-10-25 12:10:09 UTC
z7XaGUlyQ9Y,2014-10-25 12:10:06 UTC
wezPXNY4JRQ,2014-10-25 12:09:15 UTC
qbzRWNVN8kc,2014-10-25 12:07:30 UTC
QK-i3FeK6tw,2014-10-19 16:40:25 UTC
0DBx38dz0ZQ,2014-10-19 16:39:38 UTC
mjnXiQbRp8w,2014-10-18 14:40:44 UTC
UXXPFlMzRhA,2014-10-18 14:02:42 UTC
17qPV2yYUdY,2014-10-17 19:38:01 UTC
QqihZtLCBzI,2014-10-17 19:37:58 UTC
Cdd05YWpmYg,2014-10-16 14:39:28 UTC
gZvAWYsMcnY,2014-10-16 14:39:19 UTC
a9mKze5WoPw,2014-10-13 19:21:18 UTC
ZzF2rHhJGCg,2014-10-13 19:21:13 UTC
XEVdTRrhlh4,2014-10-13 19:21:10 UTC
blrnJcKFgRU,2014-10-13 19:21:06 UTC
Ms4_0PQTOrg,2014-10-13 19:20:38 UTC
PcOJSxq_VXE,2014-10-10 13:48:23 UTC
_7-kSdJEW6I,2014-10-10 13:48:21 UTC
BjfpjdKfrWg,2014-10-10 13:48:16 UTC
9Pld28keJ98,2014-10-10 13:48:05 UTC
KPzF85g38uM,2014-10-10 13:48:02 UTC
Ekh5V2Dl75s,2014-10-10 13:48:00 UTC
eDM40Lz-DcA,2014-10-10 13:47:57 UTC
qP5a-9nyjz0,2014-10-10 13:47:53 UTC
aooS99HFmRQ,2014-10-10 13:47:35 UTC
1VzvNPFWe90,2014-10-10 13:47:26 UTC
kXM27k9zQwg,2014-10-10 13:47:12 UTC
01zp4PNLQOc,2014-10-10 13:47:06 UTC
VVODGoEuvqY,2014-10-10 13:46:42 UTC
tCqkh5m853U,2014-10-10 13:46:38 UTC
7UyFvNCeJLE,2014-10-10 13:46:31 UTC
qAfTYlAPLv4,2014-10-10 13:46:28 UTC
3L2RsUA1K8Y,2014-10-10 13:46:11 UTC
eeb_lGduVkA,2014-10-10 13:46:06 UTC
A_eBHCFwRjo,2014-10-10 13:46:02 UTC
Z6Eq6_97LXU,2014-10-10 13:45:59 UTC
SN1w1XQDG6Q,2014-10-10 13:45:48 UTC
Qx8oiovLEME,2014-10-10 13:45:42 UTC
HW4RQhQIoQw,2014-10-10 13:45:32 UTC
d0qT9sENd-0,2014-09-27 22:17:32 UTC
pOo8n2qqiy4,2014-09-23 20:17:12 UTC
VEJY_MhOVks,2014-08-13 19:03:22 UTC
Mw--pd6JNR4,2014-08-04 19:49:30 UTC
gONjoGe28K8,2014-07-31 19:45:19 UTC
WG7UJbdHIns,2014-07-31 09:19:48 UTC
xn7V2z3VnP0,2014-07-29 11:32:40 UTC
 -u0FiM7Kwyg,2014-07-23 22:03:29 UTC
6hPwuc-mR4g,2014-07-01 18:14:05 UTC
SgCTRQac42c,2014-07-01 18:13:58 UTC
1xMIOU2n4iM,2014-07-01 18:13:42 UTC
eMy9BKBJLlw,2014-06-28 20:43:08 UTC
XdGY9YEJSks,2014-06-28 13:01:24 UTC
Yr14Io0wsiU,2014-06-27 19:06:02 UTC
I_ge9dEVq-8,2014-06-25 12:54:50 UTC
zSl45w664dQ,2014-06-24 22:26:17 UTC
6_K10LvNzG0,2014-06-24 21:43:11 UTC

